Booking ID,Agent,Country,Package Type,Booking Date,Payment Date,Payment Status,Total Amount
BKG1000,Anil,India,Adventure,2025-05-31,2025-06-21 00:00:00,PAID,45000
BKG1001,Gaurav,Thailand,Honeymoon,2025-07-05,2025-07-26 00:00:00,Paid,"45,000 INR"
BKG1002,Gaurav,India,Corporate,2025-04-09,None,Pending,35000
BKG1003,Suresh,India,Corporate,2025-02-05,2025-02-25 00:00:00,PAID,65000
BKG1004,Ramesh,Thailand,Leisure,2025-01-24,None,Cancelled,15000
BKG1005,Amit,UK,Adventure,2025-04-27,None,Pending,"45,000 INR"
BKG1006,Deepa,UK,Honeymoon,2025-05-29,None,Cancelled,65000
BKG1007,Deepa,Thailand,Corporate,2025-02-10,2025-02-11 00:00:00,PAID,15000
BKG1008,Nisha,USA,Adventure,2025-04-30,None,Pending,55000
BKG1009,Gaurav,Singapore,Leisure,2025-02-21,None,Pending,"45,000 INR"
BKG1010,Arjun,India,Family,2025-07-14,None,Pending,55000
BKG1011,Sameer,USA,Adventure,2025-05-23,None,Pending,"45,000 INR"
BKG1012,Karan,India,Adventure,2025-08-21,None,Pending,55000
BKG1013,Nisha,Singapore,Family,2025-07-06,2025-07-08 00:00:00,Paid,65000
BKG1014,Raj,UK,Adventure,2025-03-25,2025-04-20 00:00:00,Paid,45000
BKG1015,Sonia,USA,Leisure,2025-07-09,2025-07-20 00:00:00,Paid,"45,000 INR"
BKG1016,Raj,United Arab Emirates,Leisure,2025-07-01,2025-07-09 00:00:00,Paid,"45,000 INR"
BKG1017,Meena,United Arab Emirates,Family,2025-04-18,2025-04-23 00:00:00,Paid,55000
BKG1018,Divya,United Arab Emirates,Honeymoon,2025-05-17,2025-06-12 00:00:00,Paid,15000
BKG1019,Vikram,UK,Corporate,2025-02-06,None,Pending,"45,000 INR"
BKG1020,Meena,UK,Honeymoon,2025-03-29,2025-04-17 00:00:00,Paid,55000
BKG1021,Sonia,Singapore,Adventure,2025-05-06,None,Cancelled,25000
BKG1022,Ritika,India,Corporate,2025-03-25,2025-04-01 00:00:00,Paid,55000
BKG1023,Arjun,Singapore,Family,2025-08-25,2025-08-28 00:00:00,Paid,65000
BKG1024,Deepa,Singapore,Family,2025-07-14,None,Pending,45000
BKG1025,Raj,UK,Corporate,2025-05-19,None,Pending,25000
BKG1026,Gaurav,United Arab Emirates,Leisure,2025-04-23,2025-05-20 00:00:00,Paid,65000
BKG1027,Avtar,UAE,Corporate,2025-06-16,None,Cancelled,65000
BKG1028,Deepa,India,Adventure,2025-01-29,None,Cancelled,65000
BKG1029,Sameer,UK,Leisure,2025-04-28,2025-05-23 00:00:00,Paid,15000
BKG1030,Vikram,United Arab Emirates,Family,2025-01-17,2025-02-04 00:00:00,Paid,65000
BKG1031,Suresh,USA,Corporate,2025-06-11,2025-06-18 00:00:00,PAID,15000
BKG1032,Divya,UAE,Honeymoon,2025-07-25,None,Pending,65000
BKG1033,Meena,UAE,Honeymoon,2025-05-18,None,Pending,35000
BKG1034,Avtar,UK,Adventure,2025-02-03,None,Cancelled,25000
BKG1035,Divya,Thailand,Honeymoon,2025-04-19,2025-05-08 00:00:00,Paid,35000
BKG1036,Ritika  ,India,Corporate,2025-06-11,2025-06-18 00:00:00,Paid,65000
BKG1037,Monika,UAE,Corporate,2025-04-19,2025-05-16 00:00:00,Paid,25000
BKG1038,Ramesh,UK,Honeymoon,2025-09-13,None,Pending,25000
BKG1039,Divya  ,UK,Corporate,2025-07-22,None,Pending,"45,000 INR"
BKG1040,Meena  ,United Arab Emirates,Adventure,2025-08-23,None,Pending,45000
BKG1041,Gaurav,USA,Leisure,2025-03-15,2025-04-12 00:00:00,Paid,35000
BKG1042,Ritika,Thailand,Adventure,2025-05-16,2025-05-24 00:00:00,Paid,45000
BKG1043,Ramesh,India,Adventure,2025-03-13,2025-03-24 00:00:00,Paid,25000
BKG1044,Divya,Singapore,Corporate,2025-05-07,None,Pending,15000
BKG1045,Vikram,USA,Leisure,2025-05-15,None,Pending,25000
BKG1046,Amit,USA,Corporate,2025-08-08,2025-09-02 00:00:00,Paid,45000
BKG1047,Deepa,United Arab Emirates,Family,2025-07-24,None,Cancelled,35000
BKG1048,Avtar  ,UAE,Corporate,2025-07-05,2025-07-10 00:00:00,Paid,65000
BKG1049,Vikram,UAE,Corporate,2025-04-23,2025-05-19 00:00:00,PAID,"45,000 INR"
BKG1050,Avtar,United Arab Emirates,Corporate,2025-03-12,2025-04-10 00:00:00,Paid,"45,000 INR"
BKG1051,Amit,UK,Leisure,2025-09-18,None,Pending,"45,000 INR"
BKG1052,Pooja,UAE,Corporate,2025-09-10,2025-09-30 00:00:00,Paid,65000
BKG1053,Meena,Thailand,Leisure,2025-02-16,2025-02-17 00:00:00,paid,"45,000 INR"
BKG1054,Deepa,India,Honeymoon,2025-01-25,2025-02-03 00:00:00,Paid,35000
BKG1055,Pooja,USA,Family,2025-02-26,2025-03-26 00:00:00,Paid,65000
BKG1056,Sonia,USA,Leisure,2025-03-20,2025-03-25 00:00:00,Paid,"45,000 INR"
BKG1057,Deepa,Thailand,Honeymoon,2025-03-23,2025-03-28 00:00:00,Paid,65000
BKG1058,Pooja,UAE,Leisure,2025-08-05,2025-08-23 00:00:00,Paid,45000
BKG1059,Anil,USA,Leisure,2025-02-02,2025-02-11 00:00:00,paid,35000
BKG1060,Raj,Singapore,Family,2025-07-17,2025-08-12 00:00:00,Paid,55000
BKG1061,Sonia,India,Adventure,2025-07-15,None,Pending,15000
BKG1062,Anil,India,Adventure,2025-08-28,None,Pending,"45,000 INR"
BKG1063,Gaurav,USA,Leisure,2025-09-28,None,Pending,15000
BKG1064,Avtar,United Arab Emirates,Corporate,2025-05-09,2025-05-15 00:00:00,Paid,65000
BKG1065,Tina,USA,Honeymoon,2025-01-06,2025-01-10 00:00:00,Paid,15000
BKG1066,Nisha,United Arab Emirates,Corporate,2025-02-28,None,Pending,35000
BKG1067,Suresh,USA,Corporate,2025-05-17,2025-06-08 00:00:00,PAID,35000
BKG1068,Avtar,Singapore,Leisure,2025-06-24,2025-07-22 00:00:00,Paid,25000
BKG1069,Sameer,UK,Leisure,2025-02-27,2025-02-28 00:00:00,Paid,"45,000 INR"
BKG1070,Sameer,India,Leisure,2025-05-31,2025-06-05 00:00:00,Paid,25000
BKG1071,Anil,USA,Leisure,2025-08-11,2025-08-12 00:00:00,PAID,15000
BKG1072,Karan,Singapore,Adventure,2025-03-22,2025-04-03 00:00:00,Paid,55000
BKG1073,Ramesh,United Arab Emirates,Leisure,2025-08-21,2025-09-16 00:00:00,Paid,25000
BKG1074,Raj,United Arab Emirates,Adventure,2025-01-02,None,Cancelled,25000
BKG1075,Sonia,India,Adventure,2025-05-15,2025-06-10 00:00:00,Paid,35000
BKG1076,Raj,Thailand,Leisure,2025-09-14,2025-09-22 00:00:00,Paid,55000
BKG1077,Sonia,USA,Family,2025-04-02,None,Pending,65000
BKG1078,Avtar,UAE,Honeymoon,2025-09-17,2025-10-06 00:00:00,paid,15000
BKG1079,Gaurav,United Arab Emirates,Corporate,2025-02-24,2025-03-07 00:00:00,Paid,25000
BKG1080,Ritika,UK,Adventure,2025-06-02,2025-06-03 00:00:00,Paid,55000
BKG1081,Anil,UK,Honeymoon,2025-09-17,2025-09-23 00:00:00,Paid,"45,000 INR"
BKG1082,Amit,United Arab Emirates,Family,2025-04-12,2025-04-21 00:00:00,Paid,55000
BKG1083,Karan,Thailand,Corporate,2025-03-20,None,Pending,15000
BKG1084,Sameer,Thailand,Corporate,2025-07-11,2025-07-13 00:00:00,Paid,55000
BKG1243,Gaurav,Singapore,Adventure,2025-03-24,2025-03-29 00:00:00,Paid,55000
BKG1086,Avtar,UK,Leisure,2025-01-01,2025-01-25 00:00:00,Paid,55000
BKG1087,Sameer,Singapore,Family,2025-06-15,None,Pending,"45,000 INR"
BKG1088,Anil,UK,Adventure,2025-09-08,None,Pending,25000
BKG1089,Sameer,USA,Family,2025-01-10,None,Cancelled,15000
BKG1090,Karan  ,USA,Leisure,2025-02-27,2025-03-13 00:00:00,Paid,"45,000 INR"
BKG1091,Deepa,UAE,Leisure,2025-07-05,None,Cancelled,55000
BKG1092,Vikram,USA,Adventure,2025-06-07,None,Cancelled,55000
BKG1093,Sameer,UAE,Leisure,2025-05-03,2025-05-20 00:00:00,Paid,25000
BKG1094,Anil,USA,Honeymoon,2025-01-30,2025-02-03 00:00:00,Paid,15000
BKG1095,Karan,India,Corporate,2025-05-04,2025-05-28 00:00:00,Paid,35000
BKG1096,Vikram,USA,Adventure,2025-02-10,2025-02-13 00:00:00,Paid,"45,000 INR"
BKG1097,Raj,Singapore,Family,2025-02-13,2025-03-01 00:00:00,Paid,25000
BKG1098,Sonia,United Arab Emirates,Honeymoon,2025-09-06,2025-09-21 00:00:00,Paid,15000
BKG1099,Deepa  ,Singapore,Adventure,2025-02-05,2025-03-02 00:00:00,Paid,"45,000 INR"
BKG1100,Deepa,United Arab Emirates,Leisure,2025-03-06,None,Cancelled,55000
BKG1101,Ramesh,Thailand,Leisure,2025-03-07,2025-03-19 00:00:00,Paid,15000
BKG1102,Pooja,Singapore,Leisure,2025-09-01,None,Cancelled,15000
BKG1103,Nisha,Thailand,Leisure,2025-03-26,None,Pending,65000
BKG1104,Raj  ,UAE,Family,2025-05-16,None,Cancelled,15000
BKG1105,Suresh,UAE,Honeymoon,2025-09-28,None,Pending,35000
BKG1106,Arjun,India,Corporate,2025-08-05,2025-08-22 00:00:00,Paid,15000
BKG1107,Divya,USA,Family,2025-04-19,None,Pending,35000
BKG1108,Karan,Singapore,Family,2025-04-13,2025-05-02 00:00:00,Paid,55000
BKG1109,Raj,Thailand,Corporate,2025-06-09,2025-06-13 00:00:00,Paid,35000
BKG1110,Pooja,United Arab Emirates,Corporate,2025-07-24,2025-08-08 00:00:00,paid,"45,000 INR"
BKG1111,Deepa,UAE,Leisure,2025-07-11,2025-07-28 00:00:00,Paid,55000
BKG1112,Tina,USA,Family,2025-08-13,2025-08-21 00:00:00,Paid,55000
BKG1113,Divya,UAE,Adventure,2025-09-22,None,Pending,35000
BKG1114,Pooja,United Arab Emirates,Corporate,2025-08-20,None,Cancelled,25000
BKG1115,Raj,USA,Corporate,2025-03-03,None,Pending,45000
BKG1116,Nisha,USA,Honeymoon,2025-05-07,2025-05-27 00:00:00,Paid,15000
BKG1117,Ritika,Thailand,Adventure,2025-04-26,None,Pending,65000
BKG1118,Ramesh,Thailand,Adventure,2025-02-02,2025-02-04 00:00:00,Paid,45000
BKG1119,Pooja  ,Singapore,Corporate,2025-06-23,None,Pending,15000
BKG1120,Monika,Singapore,Leisure,2025-01-11,2025-02-04 00:00:00,PAID,15000
BKG1121,Gaurav,UK,Honeymoon,2025-04-28,None,Pending,55000
BKG1122,Gaurav,UK,Adventure,2025-04-23,None,Cancelled,15000
BKG1123,Arjun,India,Corporate,2025-01-04,2025-01-30 00:00:00,Paid,65000
BKG1124,Tina,UAE,Adventure,2025-02-06,None,Pending,15000
BKG1125,Raj,Singapore,Honeymoon,2025-01-31,None,Cancelled,35000
BKG1126,Anil,Thailand,Honeymoon,2025-04-28,2025-05-28 00:00:00,Paid,45000
BKG1127,Anil,United Arab Emirates,Family,2025-02-04,None,Cancelled,35000
BKG1128,Arjun,Thailand,Corporate,2025-01-17,2025-02-14 00:00:00,Paid,65000
BKG1129,Pooja,UAE,Honeymoon,2025-06-19,None,Pending,15000
BKG1130,Sonia,UK,Family,2025-02-06,None,Cancelled,"45,000 INR"
BKG1131,Sameer,Thailand,Family,2025-09-21,None,Pending,65000
BKG1132,Raj,India,Adventure,2025-05-02,2025-05-24 00:00:00,Paid,55000
BKG1133,Monika,UAE,Adventure,2025-05-23,None,Pending,35000
BKG1134,Avtar,UK,Family,2025-09-06,None,Pending,35000
BKG1135,Sonia,United Arab Emirates,Adventure,2025-04-20,2025-05-07 00:00:00,paid,25000
BKG1136,Karan,UK,Honeymoon,2025-03-09,2025-03-19 00:00:00,Paid,15000
BKG1137,Anil,USA,Leisure,2025-08-31,2025-09-15 00:00:00,Paid,55000
BKG1743,Nisha,India,Honeymoon,2025-05-05,None,Pending,"45,000 INR"
BKG1139,Ramesh,UAE,Family,2025-08-31,2025-09-21 00:00:00,Paid,35000
BKG1140,Gaurav,United Arab Emirates,Family,2025-07-28,None,Pending,35000
BKG1141,Deepa,India,Honeymoon,2025-04-08,None,Pending,55000
BKG1763,Sonia  ,UK,Adventure,2025-02-18,None,Cancelled,65000
BKG1143,Arjun,India,Adventure,2025-02-19,None,Pending,65000
BKG1144,Suresh,UAE,Family,2025-08-09,None,Pending,15000
BKG1145,Suresh,Singapore,Corporate,2025-07-01,2025-07-02 00:00:00,Paid,25000
BKG1146,Arjun,India,Adventure,2025-08-05,2025-08-07 00:00:00,Paid,35000
BKG1147,Gaurav,USA,Honeymoon,2025-07-30,2025-08-15 00:00:00,Paid,25000
BKG1148,Raj,India,Adventure,2025-08-28,2025-09-25 00:00:00,Paid,65000
BKG1149,Ritika,UK,Honeymoon,2025-01-28,None,Pending,65000
BKG1150,Sameer  ,UK,Family,2025-02-20,None,Pending,45000
BKG1151,Suresh,United Arab Emirates,Adventure,2025-02-01,None,Pending,"45,000 INR"
BKG1152,Karan,UK,Honeymoon,2025-07-26,None,Cancelled,15000
BKG1153,Suresh,Thailand,Family,2025-06-23,None,,45000
BKG1154,Suresh,UAE,Corporate,2025-02-25,None,Cancelled,"45,000 INR"
BKG1155,Suresh,UAE,Honeymoon,2025-05-08,None,Pending,45000
BKG1156,Ritika,Singapore,Corporate,2025-04-09,None,Pending,45000
BKG1157,Ritika,Singapore,Corporate,2025-04-08,2025-04-21 00:00:00,Paid,15000
BKG1158,Karan,UAE,Leisure,2025-08-18,2025-09-01 00:00:00,Paid,15000
BKG1159,Anil,USA,Adventure,2025-03-13,2025-04-04 00:00:00,Paid,55000
BKG1160,Anil,Singapore,Honeymoon,2025-08-05,2025-08-09 00:00:00,paid,25000
BKG1161,Nisha,United Arab Emirates,Corporate,2025-04-04,None,Cancelled,25000
BKG1162,Ritika,UK,Leisure,2025-05-23,2025-06-08 00:00:00,Paid,55000
BKG1163,Gaurav,UAE,Family,2025-08-25,2025-09-17 00:00:00,Paid,55000
BKG1164,Monika,Singapore,Honeymoon,2025-05-08,None,Cancelled,65000
BKG1165,Divya,UAE,Corporate,2025-02-08,2025-03-10 00:00:00,Paid,"45,000 INR"
BKG1166,Tina,Thailand,Adventure,2025-08-15,2025-08-30 00:00:00,Paid,45000
BKG1167,Suresh,India,Leisure,2025-02-20,None,Cancelled,55000
BKG1168,Monika,UK,Corporate,2025-01-26,2025-01-29 00:00:00,Paid,35000
BKG1169,Karan,UAE,Adventure,2025-01-08,2025-02-06 00:00:00,Paid,25000
BKG1170,Arjun,India,Corporate,2025-02-17,None,Pending,55000
BKG1171,Ritika,Singapore,Honeymoon,2025-05-02,None,Cancelled,35000
BKG1172,Monika,India,Honeymoon,2025-03-27,None,Pending,35000
BKG1173,Tina,UK,Honeymoon,2025-07-28,2025-07-31 00:00:00,Paid,35000
BKG1174,Amit,UAE,Leisure,2025-09-06,2025-09-17 00:00:00,Paid,65000
BKG1175,Amit,Thailand,Honeymoon,2025-09-04,2025-09-24 00:00:00,Paid,65000
BKG1176,Anil,USA,Adventure,2025-04-20,None,Pending,35000
BKG1177,Sonia,Singapore,Corporate,2025-07-25,None,Pending,"45,000 INR"
BKG1178,Monika,UAE,Family,2025-01-31,2025-02-05 00:00:00,Paid,65000
BKG1179,Amit,UK,Adventure,2025-03-26,None,Cancelled,45000
BKG1180,Sameer,Singapore,Adventure,2025-07-14,2025-07-17 00:00:00,Paid,35000
BKG1181,Arjun,United Arab Emirates,Honeymoon,2025-01-02,2025-01-07 00:00:00,Paid,45000
BKG1182,Divya,India,Leisure,2025-07-19,2025-07-28 00:00:00,Paid,45000
BKG1183,Nisha  ,USA,Corporate,2025-05-16,2025-06-05 00:00:00,Paid,35000
BKG1184,Sameer,UK,Leisure,2025-08-21,None,Pending,25000
BKG1185,Nisha,United Arab Emirates,Corporate,2025-05-27,None,Pending,"45,000 INR"
BKG1186,Arjun,UAE,Corporate,2025-08-05,2025-08-26 00:00:00,Paid,35000
BKG1187,Raj,Thailand,Leisure,2025-09-07,None,Pending,35000
BKG1188,Arjun,Singapore,Adventure,2025-03-21,2025-04-09 00:00:00,Paid,65000
BKG1189,Sonia,India,Corporate,2025-04-08,None,Pending,35000
BKG1190,Anil,Singapore,Leisure,2025-06-01,2025-06-19 00:00:00,paid,25000
BKG1191,Avtar,USA,Corporate,2025-04-22,2025-05-15 00:00:00,Paid,65000
BKG1192,Raj,UAE,Family,2025-01-30,None,Pending,15000
BKG1193,Meena,Singapore,Adventure,2025-02-01,2025-02-12 00:00:00,Paid,15000
BKG1194,Avtar,India,Honeymoon,2025-06-10,2025-06-23 00:00:00,Paid,45000
BKG1195,Anil,UAE,Corporate,2025-01-30,2025-02-19 00:00:00,Paid,"45,000 INR"
BKG1196,Tina,Singapore,Family,2025-01-26,None,Pending,45000
BKG1197,Meena,Thailand,Honeymoon,2025-09-02,None,Pending,25000
BKG1198,Ramesh,UK,Honeymoon,2025-09-15,2025-10-02 00:00:00,Paid,55000
BKG1199,Sameer,UAE,Corporate,2025-03-22,None,Cancelled,"45,000 INR"
BKG1200,Raj,UK,Leisure,2025-01-30,None,Pending,15000
BKG1201,Amit,UAE,Corporate,2025-09-18,None,Cancelled,45000
BKG1202,Amit,Thailand,Family,2025-02-11,None,Pending,15000
BKG1203,Arjun,UK,Honeymoon,2025-04-06,None,Pending,25000
BKG1204,Suresh,United Arab Emirates,Corporate,2025-02-05,2025-02-15 00:00:00,Paid,25000
BKG1205,Ritika,India,Leisure,2025-02-04,2025-02-19 00:00:00,Paid,55000
BKG1206,Anil,United Arab Emirates,Corporate,2025-05-01,2025-05-18 00:00:00,PAID,55000
BKG1207,Amit,Singapore,Adventure,2025-07-26,2025-08-15 00:00:00,Paid,65000
BKG1208,Gaurav,Thailand,Leisure,2025-03-03,2025-03-17 00:00:00,PAID,"45,000 INR"
BKG1209,Karan,United Arab Emirates,Family,2025-05-07,None,Pending,25000
BKG1210,Karan,UAE,Honeymoon,2025-01-21,2025-01-25 00:00:00,Paid,45000
BKG1211,Sonia,Singapore,Corporate,2025-02-11,2025-03-09 00:00:00,Paid,15000
BKG1212,Sonia  ,Singapore,Leisure,2025-08-03,2025-08-26 00:00:00,Paid,35000
BKG1213,Sameer,United Arab Emirates,Adventure,2025-09-25,2025-09-29 00:00:00,paid,55000
BKG1214,Nisha,United Arab Emirates,Leisure,2025-06-11,2025-07-09 00:00:00,Paid,35000
BKG1215,Amit,Thailand,Adventure,2025-05-14,2025-06-04 00:00:00,Paid,45000
BKG1216,Amit,India,Family,2025-04-15,2025-05-06 00:00:00,Paid,55000
BKG1217,Sameer,United Arab Emirates,Honeymoon,2025-06-10,2025-07-09 00:00:00,Paid,35000
BKG1218,Arjun,USA,Family,2025-05-03,2025-05-28 00:00:00,Paid,"45,000 INR"
BKG1219,Anil,United Arab Emirates,Corporate,2025-05-16,2025-06-03 00:00:00,Paid,45000
BKG1220,Arjun,UK,Leisure,2025-07-22,None,Cancelled,15000
BKG1221,Tina,UAE,Adventure,2025-03-09,2025-04-02 00:00:00,Paid,"45,000 INR"
BKG1222,Suresh,USA,Adventure,2025-06-03,2025-07-01 00:00:00,Paid,45000
BKG1223,Avtar,USA,Leisure,2025-08-23,2025-08-30 00:00:00,Paid,65000
BKG1224,Divya,UK,Leisure,2025-06-11,2025-06-25 00:00:00,Paid,55000
BKG1225,Monika,UK,Corporate,2025-02-07,None,,25000
BKG1226,Avtar  ,Singapore,Family,2025-01-05,None,Pending,15000
BKG1227,Arjun,India,Adventure,2025-08-23,2025-09-07 00:00:00,Paid,"45,000 INR"
BKG1228,Sameer,UAE,Corporate,2025-02-21,None,Pending,"45,000 INR"
BKG1229,Amit,Thailand,Family,2025-02-07,2025-03-08 00:00:00,Paid,35000
BKG1230,Sameer  ,USA,Corporate,2025-04-20,2025-04-28 00:00:00,Paid,55000
BKG1231,Meena,Thailand,Adventure,2025-09-17,2025-10-01 00:00:00,PAID,25000
BKG1232,Vikram,United Arab Emirates,Leisure,2025-05-16,None,Pending,45000
BKG1233,Meena  ,United Arab Emirates,Leisure,2025-03-09,2025-03-20 00:00:00,PAID,25000
BKG1234,Ritika,Thailand,Family,2025-06-28,2025-07-25 00:00:00,Paid,55000
BKG1235,Sameer,United Arab Emirates,Honeymoon,2025-02-05,None,Pending,55000
BKG1236,Amit,India,Family,2025-05-06,2025-05-21 00:00:00,Paid,65000
BKG1237,Sonia,UK,Honeymoon,2025-07-09,2025-07-22 00:00:00,Paid,65000
BKG1238,Divya,United Arab Emirates,Corporate,2025-05-26,None,Cancelled,25000
BKG1239,Anil,Singapore,Corporate,2025-03-22,2025-04-05 00:00:00,Paid,45000
BKG1240,Divya,United Arab Emirates,Adventure,2025-08-13,None,Cancelled,25000
BKG1241,Anil  ,UAE,Honeymoon,2025-06-04,None,Pending,55000
BKG1242,Vikram,India,Adventure,2025-09-28,2025-10-22 00:00:00,Paid,55000
BKG1243,Amit,UAE,Leisure,2025-01-05,None,Pending,35000
BKG1244,Arjun,UAE,Honeymoon,2025-06-03,None,Pending,65000
BKG1245,Avtar,Singapore,Family,2025-02-23,2025-02-27 00:00:00,Paid,35000
BKG1246,Raj,India,Leisure,2025-03-10,None,Cancelled,15000
BKG1247,Sameer,India,Leisure,2025-05-16,None,Pending,55000
BKG1248,Suresh,India,Family,2025-03-01,2025-03-12 00:00:00,Paid,35000
BKG1249,Anil,India,Leisure,2025-02-24,None,Pending,25000
BKG1250,Amit,India,Honeymoon,2025-03-21,None,,65000
BKG1251,Gaurav  ,Singapore,Adventure,2025-05-20,2025-06-03 00:00:00,Paid,65000
BKG1252,Nisha,United Arab Emirates,Leisure,2025-05-25,None,Cancelled,45000
BKG1253,Vikram,UAE,Honeymoon,2025-04-18,2025-04-29 00:00:00,Paid,25000
BKG1254,Monika,India,Corporate,2025-06-25,None,Pending,45000
BKG1255,Monika,USA,Honeymoon,2025-04-15,None,Pending,35000
BKG1256,Pooja,United Arab Emirates,Adventure,2025-05-16,2025-06-07 00:00:00,Paid,"45,000 INR"
BKG1257,Nisha,United Arab Emirates,Honeymoon,2025-09-16,2025-09-25 00:00:00,Paid,15000
BKG1258,Avtar,UAE,Family,2025-09-08,None,Pending,25000
BKG1259,Ritika,Singapore,Adventure,2025-05-09,2025-05-21 00:00:00,Paid,25000
BKG1260,Anil,Thailand,Corporate,2025-01-27,None,Pending,25000
BKG1261,Deepa,Thailand,Family,2025-02-17,2025-02-22 00:00:00,Paid,45000
BKG1262,Anil,United Arab Emirates,Honeymoon,2025-08-05,None,Cancelled,35000
BKG1263,Karan,UK,Adventure,2025-05-22,None,Pending,25000
BKG1264,Amit  ,UK,Corporate,2025-01-23,2025-02-14 00:00:00,paid,"45,000 INR"
BKG1265,Nisha,UAE,Family,2025-01-02,2025-02-01 00:00:00,Paid,25000
BKG1266,Divya,Thailand,Corporate,2025-06-20,None,Pending,65000
BKG1267,Sameer,United Arab Emirates,Honeymoon,2025-03-08,None,Pending,15000
BKG1268,Suresh,Singapore,Corporate,2025-05-15,2025-05-31 00:00:00,Paid,65000
BKG1269,Suresh,Thailand,Leisure,2025-03-24,2025-03-27 00:00:00,Paid,65000
BKG1270,Gaurav,United Arab Emirates,Family,2025-08-15,2025-08-18 00:00:00,Paid,15000
BKG1271,Vikram,United Arab Emirates,Corporate,2025-08-07,None,Pending,"45,000 INR"
BKG1272,Monika,India,Honeymoon,2025-01-05,None,Pending,35000
BKG1273,Sameer,Singapore,Honeymoon,2025-02-27,2025-03-26 00:00:00,Paid,65000
BKG1274,Sonia,India,Corporate,2025-02-08,None,Pending,35000
BKG1275,Karan,UAE,Honeymoon,2025-03-18,2025-03-21 00:00:00,Paid,65000
BKG1276,Suresh,India,Adventure,2025-01-19,2025-01-22 00:00:00,Paid,55000
BKG1277,Vikram,USA,Adventure,2025-07-09,2025-07-23 00:00:00,PAID,15000
BKG1278,Sameer,India,Adventure,2025-03-17,2025-03-21 00:00:00,paid,65000
BKG1279,Anil,USA,Leisure,2025-08-09,None,Pending,55000
BKG1280,Arjun,Thailand,Corporate,2025-03-07,2025-03-31 00:00:00,Paid,45000
BKG1281,Anil,UK,Leisure,2025-01-22,None,Pending,55000
BKG1282,Sameer,United Arab Emirates,Honeymoon,2025-06-07,2025-07-01 00:00:00,Paid,25000
BKG1283,Meena,USA,Leisure,2025-07-06,2025-07-18 00:00:00,Paid,65000
BKG1284,Ramesh,Singapore,Honeymoon,2025-01-21,2025-02-16 00:00:00,Paid,55000
BKG1285,Sameer,India,Honeymoon,2025-07-03,None,Pending,35000
BKG1286,Avtar,USA,Family,2025-04-18,None,Pending,45000
BKG1287,Vikram,Singapore,Adventure,2025-05-08,2025-05-13 00:00:00,Paid,"45,000 INR"
BKG1288,Meena,UK,Honeymoon,2025-02-22,None,Pending,65000
BKG1289,Deepa,UK,Family,2025-07-01,2025-07-19 00:00:00,paid,25000
BKG1290,Ritika,India,Adventure,2025-07-28,2025-07-30 00:00:00,Paid,"45,000 INR"
BKG1291,Ramesh,UAE,Honeymoon,2025-03-21,None,Pending,55000
BKG1292,Ritika,India,Honeymoon,2025-05-02,None,Cancelled,"45,000 INR"
BKG1293,Suresh,Thailand,Leisure,2025-03-25,2025-04-13 00:00:00,Paid,"45,000 INR"
BKG1294,Avtar,USA,Leisure,2025-04-01,2025-04-19 00:00:00,Paid,45000
BKG1295,Anil,United Arab Emirates,Adventure,2025-07-31,None,Pending,"45,000 INR"
BKG1296,Sonia  ,UAE,Honeymoon,2025-01-13,None,Pending,"45,000 INR"
BKG1297,Tina,India,Corporate,2025-04-02,None,Cancelled,65000
BKG1298,Amit,Singapore,Leisure,2025-06-20,2025-07-08 00:00:00,Paid,45000
BKG1299,Raj,UAE,Adventure,2025-07-30,None,,25000
BKG1300,Ramesh,USA,Honeymoon,2025-05-08,2025-05-19 00:00:00,Paid,55000
BKG1301,Sameer,UAE,Honeymoon,2025-05-17,2025-06-08 00:00:00,Paid,45000
BKG1302,Meena,USA,Corporate,2025-03-23,None,Pending,45000
BKG1303,Pooja,India,Adventure,2025-02-25,2025-03-01 00:00:00,Paid,15000
BKG1304,Raj,USA,Honeymoon,2025-07-15,2025-07-29 00:00:00,Paid,45000
BKG1305,Divya,UAE,Leisure,2025-01-20,2025-02-01 00:00:00,Paid,15000
BKG1306,Pooja,Singapore,Corporate,2025-08-29,2025-09-26 00:00:00,Paid,55000
BKG1307,Arjun,UK,Adventure,2025-04-24,2025-05-16 00:00:00,Paid,"45,000 INR"
BKG1308,Anil,UAE,Corporate,2025-04-13,2025-05-08 00:00:00,PAID,65000
BKG1309,Avtar,USA,Leisure,2025-08-24,2025-09-07 00:00:00,Paid,65000
BKG1310,Vikram,UK,Adventure,2025-06-29,None,Pending,55000
BKG1311,Amit,USA,Corporate,2025-06-06,None,Pending,55000
BKG1312,Vikram,Singapore,Family,2025-04-27,2025-05-25 00:00:00,paid,35000
BKG1313,Gaurav,USA,Leisure,2025-04-25,2025-05-25 00:00:00,Paid,"45,000 INR"
BKG1314,Nisha,India,Leisure,2025-01-13,None,Cancelled,55000
BKG1315,Deepa,United Arab Emirates,Leisure,2025-04-09,None,Pending,45000
BKG1316,Ritika,UAE,Family,2025-07-24,None,Pending,65000
BKG1317,Ritika,United Arab Emirates,Family,2025-06-18,None,Pending,25000
BKG1318,Nisha,USA,Honeymoon,2025-05-23,None,Cancelled,65000
BKG1319,Suresh,Singapore,Corporate,2025-02-05,2025-03-01 00:00:00,Paid,15000
BKG1320,Arjun,UAE,Honeymoon,2025-05-23,None,Pending,65000
BKG1321,Ramesh,USA,Corporate,2025-06-29,None,Pending,35000
BKG1322,Monika,UK,Family,2025-09-18,None,Pending,"45,000 INR"
BKG1323,Deepa,Thailand,Family,2025-07-24,None,,55000
BKG1324,Tina,USA,Honeymoon,2025-06-19,2025-06-21 00:00:00,Paid,"45,000 INR"
BKG1325,Karan,United Arab Emirates,Adventure,2025-01-15,None,,55000
BKG1326,Anil,UAE,Honeymoon,2025-03-01,2025-03-11 00:00:00,Paid,65000
BKG1327,Avtar,United Arab Emirates,Corporate,2025-05-14,2025-06-03 00:00:00,Paid,25000
BKG1328,Gaurav  ,UAE,Honeymoon,2025-04-02,2025-04-12 00:00:00,Paid,25000
BKG1329,Gaurav,USA,Leisure,2025-05-16,2025-05-28 00:00:00,Paid,35000
BKG1330,Karan,India,Corporate,2025-01-20,None,Pending,15000
BKG1331,Raj,UK,Corporate,2025-02-25,2025-03-01 00:00:00,Paid,65000
BKG1332,Divya,USA,Adventure,2025-08-11,2025-08-30 00:00:00,Paid,55000
BKG1333,Monika,United Arab Emirates,Family,2025-06-26,2025-07-13 00:00:00,paid,65000
BKG1334,Pooja,Thailand,Corporate,2025-06-10,None,Cancelled,35000
BKG1335,Arjun,Thailand,Family,2025-08-12,None,Cancelled,45000
BKG1336,Deepa,Singapore,Honeymoon,2025-09-19,None,Cancelled,45000
BKG1337,Sameer,UAE,Leisure,2025-03-01,None,Pending,35000
BKG1338,Avtar,United Arab Emirates,Adventure,2025-07-17,2025-07-24 00:00:00,Paid,55000
BKG1339,Arjun,Singapore,Family,2025-04-08,2025-04-13 00:00:00,Paid,"45,000 INR"
BKG1340,Amit,United Arab Emirates,Corporate,2025-05-11,None,Pending,35000
BKG1341,Pooja,UAE,Family,2025-01-23,2025-02-14 00:00:00,Paid,55000
BKG1342,Meena,USA,Corporate,2025-08-12,None,Pending,25000
BKG1343,Ramesh,USA,Family,2025-01-01,2025-01-17 00:00:00,Paid,35000
BKG1344,Nisha,Thailand,Corporate,2025-09-24,2025-10-02 00:00:00,Paid,55000
BKG1413,Suresh,USA,Honeymoon,2025-04-11,None,Pending,35000
BKG1346,Nisha,USA,Corporate,2025-07-06,None,Pending,35000
BKG1347,Karan,India,Corporate,2025-08-09,None,Pending,"45,000 INR"
BKG1348,Sonia,Thailand,Leisure,2025-02-05,None,Pending,"45,000 INR"
BKG1349,Gaurav,Singapore,Corporate,2025-06-19,2025-07-17 00:00:00,Paid,55000
BKG1350,Anil,UK,Leisure,2025-06-10,2025-06-14 00:00:00,Paid,55000
BKG1351,Anil  ,India,Adventure,2025-03-05,None,Cancelled,15000
BKG1352,Deepa,Singapore,Leisure,2025-06-03,None,Pending,35000
BKG1353,Ritika,UAE,Honeymoon,2025-09-17,2025-09-29 00:00:00,Paid,45000
BKG1354,Amit,India,Leisure,2025-06-08,None,Cancelled,35000
BKG1355,Avtar,Singapore,Adventure,2025-07-29,2025-08-26 00:00:00,Paid,35000
BKG1356,Pooja,UAE,Honeymoon,2025-06-17,2025-07-05 00:00:00,Paid,55000
BKG1357,Anil,Thailand,Family,2025-07-26,2025-08-07 00:00:00,Paid,35000
BKG1358,Amit,UK,Family,2025-06-01,None,Pending,65000
BKG1359,Raj,UAE,Leisure,2025-03-07,None,Pending,35000
BKG1360,Karan,USA,Leisure,2025-04-09,2025-04-13 00:00:00,Paid,65000
BKG1361,Sameer  ,United Arab Emirates,Adventure,2025-08-04,None,Cancelled,"45,000 INR"
BKG1362,Gaurav,UAE,Adventure,2025-07-14,2025-08-08 00:00:00,Paid,45000
BKG1363,Amit,UAE,Corporate,2025-03-31,2025-04-09 00:00:00,Paid,55000
BKG1364,Nisha,UK,Adventure,2025-06-04,2025-06-23 00:00:00,Paid,35000
BKG1365,Karan,United Arab Emirates,Corporate,2025-07-27,2025-08-04 00:00:00,Paid,65000
BKG1366,Vikram,USA,Honeymoon,2025-01-01,2025-01-27 00:00:00,Paid,65000
BKG1367,Karan,Singapore,Leisure,2025-06-05,None,Pending,"45,000 INR"
BKG1368,Deepa,Singapore,Honeymoon,2025-05-27,None,Cancelled,65000
BKG1369,Suresh,UAE,Adventure,2025-04-18,None,Pending,25000
BKG1370,Vikram,United Arab Emirates,Honeymoon,2025-08-09,2025-08-23 00:00:00,Paid,15000
BKG1371,Arjun,United Arab Emirates,Honeymoon,2025-06-14,2025-07-12 00:00:00,Paid,45000
BKG1372,Karan,USA,Honeymoon,2025-08-27,2025-09-14 00:00:00,Paid,"45,000 INR"
BKG1373,Gaurav,UK,Adventure,2025-08-15,2025-09-09 00:00:00,Paid,"45,000 INR"
BKG1374,Amit,Thailand,Honeymoon,2025-08-15,None,Pending,35000
BKG1375,Amit,Singapore,Corporate,2025-04-20,2025-05-17 00:00:00,Paid,25000
BKG1376,Raj  ,UK,Adventure,2025-09-19,None,Pending,35000
BKG1377,Divya,India,Honeymoon,2025-08-31,None,Cancelled,35000
BKG1378,Anil,Singapore,Adventure,2025-03-28,2025-04-17 00:00:00,Paid,55000
BKG1379,Karan,UK,Family,2025-02-13,None,Cancelled,55000
BKG1380,Ramesh,Singapore,Corporate,2025-05-26,None,Pending,55000
BKG1381,Karan,Thailand,Honeymoon,2025-09-21,None,Pending,25000
BKG1382,Divya,India,Family,2025-06-21,None,Pending,35000
BKG1383,Ritika,Thailand,Family,2025-02-17,2025-03-09 00:00:00,Paid,15000
BKG1384,Arjun,USA,Adventure,2025-05-01,2025-05-23 00:00:00,Paid,45000
BKG1385,Ramesh,India,Family,2025-06-08,2025-06-29 00:00:00,Paid,55000
BKG1386,Nisha,UAE,Corporate,2025-04-26,2025-05-14 00:00:00,Paid,55000
BKG1387,Anil,UK,Corporate,2025-04-12,None,Pending,"45,000 INR"
BKG1388,Karan,India,Leisure,2025-03-17,2025-03-18 00:00:00,Paid,35000
BKG1389,Pooja,USA,Corporate,2025-01-13,2025-02-02 00:00:00,paid,35000
BKG1390,Divya,USA,Family,2025-01-24,None,Pending,25000
BKG1391,Amit,Thailand,Corporate,2025-05-06,2025-06-05 00:00:00,Paid,25000
BKG1392,Amit,Singapore,Adventure,2025-09-01,2025-09-23 00:00:00,Paid,55000
BKG1393,Ritika,India,Leisure,2025-02-07,None,Cancelled,35000
BKG1394,Suresh,UK,Family,2025-08-22,None,Cancelled,15000
BKG1395,Arjun,India,Leisure,2025-08-01,None,Pending,45000
BKG1396,Gaurav,United Arab Emirates,Family,2025-04-10,2025-05-07 00:00:00,Paid,35000
BKG1397,Meena,Singapore,Adventure,2025-07-16,2025-08-08 00:00:00,Paid,"45,000 INR"
BKG1398,Sameer,UK,Leisure,2025-09-11,2025-09-20 00:00:00,Paid,35000
BKG1399,Anil,UK,Honeymoon,2025-07-24,2025-07-25 00:00:00,Paid,65000
BKG1400,Anil,UAE,Family,2025-05-05,None,Pending,25000
BKG1401,Nisha,Thailand,Honeymoon,2025-03-17,None,Pending,"45,000 INR"
BKG1402,Tina,UAE,Leisure,2025-01-03,None,Pending,45000
BKG1403,Karan,UK,Honeymoon,2025-02-24,None,Cancelled,55000
BKG1404,Gaurav,Singapore,Honeymoon,2025-08-06,None,Pending,"45,000 INR"
BKG1405,Sameer,India,Leisure,2025-04-23,2025-04-29 00:00:00,Paid,35000
BKG1406,Anil,India,Adventure,2025-04-01,2025-04-10 00:00:00,Paid,55000
BKG1407,Anil,Singapore,Honeymoon,2025-09-23,2025-10-16 00:00:00,paid,35000
BKG1408,Avtar,UK,Honeymoon,2025-08-26,2025-09-20 00:00:00,Paid,55000
BKG1409,Ramesh,USA,Adventure,2025-01-26,2025-02-05 00:00:00,paid,45000
BKG1410,Tina,India,Honeymoon,2025-05-08,None,Cancelled,25000
BKG1411,Gaurav,USA,Honeymoon,2025-03-04,2025-04-03 00:00:00,Paid,45000
BKG1412,Pooja,India,Honeymoon,2025-08-22,None,Pending,65000
BKG1413,Gaurav,India,Corporate,2025-03-10,None,Cancelled,15000
BKG1414,Vikram,Thailand,Adventure,2025-08-26,None,Pending,25000
BKG1415,Ritika,Thailand,Honeymoon,2025-06-12,2025-06-23 00:00:00,paid,45000
BKG1694,Nisha,United Arab Emirates,Adventure,2025-08-15,2025-08-27 00:00:00,paid,65000
BKG1417,Meena,UAE,Family,2025-09-16,2025-09-17 00:00:00,Paid,15000
BKG1418,Sameer,Singapore,Family,2025-08-07,2025-08-13 00:00:00,Paid,65000
BKG1419,Suresh,Singapore,Honeymoon,2025-08-17,2025-09-14 00:00:00,paid,35000
BKG1420,Avtar,Singapore,Adventure,2025-03-23,None,Pending,35000
BKG1421,Ramesh  ,United Arab Emirates,Adventure,2025-09-01,2025-09-06 00:00:00,Paid,55000
BKG1422,Ritika,Thailand,Adventure,2025-08-19,2025-09-07 00:00:00,Paid,25000
BKG1423,Nisha,UK,Corporate,2025-05-13,None,Pending,35000
BKG1424,Sonia  ,USA,Family,2025-05-07,2025-05-29 00:00:00,paid,"45,000 INR"
BKG1425,Raj,USA,Adventure,2025-05-22,None,Cancelled,65000
BKG1426,Divya,UK,Adventure,2025-09-24,None,Pending,25000
BKG1427,Meena,United Arab Emirates,Corporate,2025-09-06,2025-09-19 00:00:00,Paid,"45,000 INR"
BKG1428,Pooja,UK,Corporate,2025-05-03,2025-05-06 00:00:00,Paid,35000
BKG1429,Tina,Singapore,Adventure,2025-05-21,None,Cancelled,55000
BKG1430,Divya,UAE,Leisure,2025-08-14,2025-08-19 00:00:00,Paid,45000
BKG1431,Divya,India,Adventure,2025-02-09,2025-03-05 00:00:00,Paid,55000
BKG1432,Ramesh,USA,Adventure,2025-05-27,2025-06-17 00:00:00,Paid,"45,000 INR"
BKG1433,Karan,Thailand,Corporate,2025-05-01,None,Pending,15000
BKG1434,Sonia,Thailand,Corporate,2025-05-20,2025-05-21 00:00:00,paid,35000
BKG1435,Sameer,United Arab Emirates,Adventure,2025-06-21,2025-06-24 00:00:00,Paid,"45,000 INR"
BKG1436,Suresh,Thailand,Adventure,2025-06-13,2025-07-07 00:00:00,Paid,15000
BKG1437,Sameer,Singapore,Adventure,2025-02-11,None,Pending,15000
BKG1438,Amit,USA,Corporate,2025-03-12,None,,65000
BKG1439,Divya,UK,Adventure,2025-03-19,2025-04-05 00:00:00,Paid,25000
BKG1440,Meena,Singapore,Adventure,2025-04-29,2025-05-06 00:00:00,Paid,65000
BKG1441,Suresh,United Arab Emirates,Honeymoon,2025-07-16,2025-07-29 00:00:00,Paid,35000
BKG1442,Raj,Singapore,Leisure,2025-03-20,None,Cancelled,15000
BKG1443,Karan,UK,Family,2025-04-20,2025-05-04 00:00:00,Paid,"45,000 INR"
BKG1444,Gaurav,UAE,Leisure,2025-02-02,2025-02-17 00:00:00,Paid,45000
BKG1445,Suresh,United Arab Emirates,Honeymoon,2025-08-01,None,Pending,15000
BKG1446,Pooja,UAE,Family,2025-07-28,None,Pending,"45,000 INR"
BKG1447,Sameer,India,Adventure,2025-06-19,2025-06-30 00:00:00,Paid,45000
BKG1448,Sonia,UAE,Honeymoon,2025-08-27,None,Cancelled,65000
BKG1449,Suresh,India,Adventure,2025-08-01,2025-08-07 00:00:00,Paid,65000
BKG1450,Suresh,India,Corporate,2025-02-01,None,Pending,25000
BKG1451,Arjun,UAE,Honeymoon,2025-04-16,2025-04-28 00:00:00,Paid,"45,000 INR"
BKG1452,Amit,United Arab Emirates,Corporate,2025-08-04,None,Pending,15000
BKG1453,Pooja,UK,Honeymoon,2025-07-19,2025-07-29 00:00:00,Paid,55000
BKG1454,Nisha,Singapore,Honeymoon,2025-01-11,None,Cancelled,65000
BKG1455,Suresh,Singapore,Corporate,2025-07-14,None,Pending,65000
BKG1456,Divya,UK,Family,2025-09-02,None,Pending,25000
BKG1457,Gaurav,USA,Leisure,2025-01-04,None,Pending,45000
BKG1458,Sonia,USA,Adventure,2025-06-30,None,Pending,25000
BKG1459,Nisha,India,Honeymoon,2025-06-02,2025-06-26 00:00:00,Paid,15000
BKG1460,Gaurav,India,Adventure,2025-07-19,2025-07-30 00:00:00,Paid,"45,000 INR"
BKG1461,Sonia,United Arab Emirates,Corporate,2025-08-03,2025-08-28 00:00:00,paid,35000
BKG1462,Raj,Thailand,Adventure,2025-04-23,2025-05-12 00:00:00,Paid,35000
BKG1463,Vikram,UAE,Corporate,2025-09-07,None,Pending,"45,000 INR"
BKG1464,Arjun,India,Adventure,2025-04-23,2025-05-13 00:00:00,PAID,45000
BKG1465,Nisha,Singapore,Leisure,2025-05-20,2025-05-23 00:00:00,Paid,65000
BKG1466,Deepa,United Arab Emirates,Leisure,2025-08-12,None,Pending,45000
BKG1467,Amit,UAE,Leisure,2025-09-06,2025-10-05 00:00:00,Paid,65000
BKG1468,Karan,United Arab Emirates,Leisure,2025-01-15,None,Pending,65000
BKG1469,Sameer  ,UAE,Leisure,2025-07-19,2025-07-21 00:00:00,Paid,35000
BKG1470,Gaurav,UAE,Leisure,2025-06-22,2025-06-27 00:00:00,Paid,45000
BKG1471,Arjun,UK,Corporate,2025-07-27,None,Pending,25000
BKG1472,Divya,India,Honeymoon,2025-03-26,None,Cancelled,65000
BKG1473,Amit,United Arab Emirates,Adventure,2025-08-28,None,Pending,55000
BKG1474,Raj  ,United Arab Emirates,Leisure,2025-03-07,None,Pending,55000
BKG1475,Pooja,UK,Corporate,2025-01-14,2025-01-20 00:00:00,Paid,25000
BKG1476,Ramesh,Singapore,Corporate,2025-07-21,None,Pending,55000
BKG1477,Raj,Singapore,Corporate,2025-01-14,2025-02-08 00:00:00,Paid,15000
BKG1478,Vikram,USA,Honeymoon,2025-02-12,2025-03-04 00:00:00,paid,65000
BKG1479,Karan,India,Adventure,2025-08-08,None,Cancelled,25000
BKG1480,Sameer  ,India,Honeymoon,2025-03-11,None,Pending,45000
BKG1481,Tina,Thailand,Family,2025-08-25,2025-08-27 00:00:00,paid,65000
BKG1482,Tina,UK,Corporate,2025-04-04,2025-04-26 00:00:00,Paid,25000
BKG1483,Meena,Singapore,Family,2025-01-26,None,Pending,35000
BKG1484,Deepa,UAE,Leisure,2025-05-14,2025-05-17 00:00:00,Paid,45000
BKG1485,Gaurav,United Arab Emirates,Leisure,2025-07-14,2025-07-23 00:00:00,paid,35000
BKG1486,Sonia,India,Honeymoon,2025-06-17,2025-07-02 00:00:00,Paid,65000
BKG1487,Ramesh,United Arab Emirates,Adventure,2025-04-19,None,Pending,45000
BKG1488,Gaurav,United Arab Emirates,Family,2025-08-21,None,Cancelled,55000
BKG1489,Suresh,Thailand,Adventure,2025-06-17,2025-07-09 00:00:00,Paid,25000
BKG1490,Monika,Singapore,Honeymoon,2025-06-22,2025-07-06 00:00:00,Paid,65000
BKG1491,Raj,India,Leisure,2025-07-14,None,Pending,15000
BKG1492,Vikram,United Arab Emirates,Adventure,2025-05-23,2025-06-08 00:00:00,Paid,45000
BKG1493,Pooja,India,Adventure,2025-08-04,2025-08-24 00:00:00,Paid,45000
BKG1494,Avtar,UAE,Leisure,2025-05-10,2025-05-25 00:00:00,Paid,"45,000 INR"
BKG1495,Ramesh,Thailand,Family,2025-02-11,2025-02-25 00:00:00,Paid,65000
BKG1496,Sonia,UAE,Leisure,2025-08-29,None,Cancelled,65000
BKG1497,Meena,India,Adventure,2025-01-10,None,Pending,35000
BKG1630,Ritika,USA,Family,2025-01-27,2025-02-05 00:00:00,Paid,"45,000 INR"
BKG1499,Karan,India,Family,2025-06-29,2025-07-06 00:00:00,Paid,55000
BKG1500,Karan,Singapore,Leisure,2025-04-25,2025-05-20 00:00:00,Paid,35000
BKG1501,Monika,United Arab Emirates,Adventure,2025-02-05,2025-02-22 00:00:00,Paid,"45,000 INR"
BKG1502,Nisha,United Arab Emirates,Honeymoon,2025-01-21,2025-01-25 00:00:00,Paid,35000
BKG1503,Avtar,UAE,Adventure,2025-01-16,2025-01-28 00:00:00,Paid,55000
BKG1504,Amit,Thailand,Corporate,2025-05-07,2025-05-21 00:00:00,Paid,"45,000 INR"
BKG1505,Pooja,USA,Honeymoon,2025-04-13,None,Pending,"45,000 INR"
BKG1506,Anil,UK,Family,2025-01-11,2025-01-15 00:00:00,Paid,15000
BKG1507,Arjun,United Arab Emirates,Honeymoon,2025-03-20,None,Pending,35000
BKG1508,Suresh,Singapore,Family,2025-05-03,None,Pending,35000
BKG1509,Raj  ,UAE,Family,2025-03-06,None,Pending,45000
BKG1510,Pooja,UAE,Honeymoon,2025-08-31,None,Pending,55000
BKG1511,Divya,UK,Family,2025-02-28,None,Pending,25000
BKG1512,Divya,Singapore,Family,2025-04-22,None,Cancelled,15000
BKG1513,Monika,Thailand,Corporate,2025-08-27,None,Pending,"45,000 INR"
BKG1514,Nisha,Singapore,Adventure,2025-05-12,None,Pending,"45,000 INR"
BKG1515,Gaurav,Thailand,Adventure,2025-07-08,None,Cancelled,"45,000 INR"
BKG1516,Raj,Singapore,Corporate,2025-03-27,None,Pending,15000
BKG1517,Ramesh,Singapore,Honeymoon,2025-02-28,2025-03-10 00:00:00,Paid,"45,000 INR"
BKG1518,Nisha  ,India,Leisure,2025-03-25,2025-04-16 00:00:00,Paid,"45,000 INR"
BKG1519,Raj,UAE,Leisure,2025-06-09,2025-07-01 00:00:00,Paid,55000
BKG1520,Sameer,Singapore,Leisure,2025-02-25,None,Cancelled,65000
BKG1521,Pooja,UK,Corporate,2025-01-14,None,Pending,65000
BKG1522,Pooja,Singapore,Corporate,2025-06-09,2025-06-28 00:00:00,paid,45000
BKG1523,Meena,United Arab Emirates,Family,2025-07-12,None,Pending,45000
BKG1524,Arjun  ,UAE,Leisure,2025-07-23,2025-08-08 00:00:00,Paid,"45,000 INR"
BKG1525,Avtar,United Arab Emirates,Honeymoon,2025-04-12,2025-04-29 00:00:00,Paid,55000
BKG1526,Sonia,UAE,Honeymoon,2025-02-08,None,Pending,"45,000 INR"
BKG1527,Raj,United Arab Emirates,Leisure,2025-05-05,None,Pending,45000
BKG1528,Anil,Singapore,Leisure,2025-02-22,None,,15000
BKG1529,Sameer,Singapore,Leisure,2025-06-04,2025-06-26 00:00:00,Paid,15000
BKG1530,Pooja,India,Corporate,2025-03-03,None,Pending,25000
BKG1531,Suresh,UK,Corporate,2025-01-22,None,Pending,65000
BKG1532,Anil,United Arab Emirates,Corporate,2025-06-27,None,Pending,55000
BKG1533,Monika,Thailand,Adventure,2025-08-08,None,Pending,35000
BKG1534,Monika,India,Honeymoon,2025-07-09,None,Pending,65000
BKG1535,Gaurav  ,United Arab Emirates,Honeymoon,2025-02-05,2025-02-15 00:00:00,Paid,35000
BKG1536,Pooja  ,United Arab Emirates,Family,2025-09-17,None,Pending,25000
BKG1537,Pooja,India,Corporate,2025-06-24,None,Pending,25000
BKG1538,Deepa,Singapore,Adventure,2025-01-07,None,Cancelled,"45,000 INR"
BKG1539,Amit  ,United Arab Emirates,Adventure,2025-08-04,None,Cancelled,45000
BKG1540,Tina,Singapore,Honeymoon,2025-09-08,2025-09-10 00:00:00,Paid,25000
BKG1541,Karan,India,Corporate,2025-02-24,2025-03-04 00:00:00,Paid,25000
BKG1542,Divya,Singapore,Family,2025-08-10,2025-08-23 00:00:00,PAID,35000
BKG1543,Sameer,UAE,Corporate,2025-07-05,None,Pending,45000
BKG1544,Nisha,Thailand,Leisure,2025-08-24,2025-09-13 00:00:00,paid,25000
BKG1545,Arjun,USA,Corporate,2025-03-20,2025-03-22 00:00:00,Paid,65000
BKG1546,Meena,United Arab Emirates,Leisure,2025-08-11,None,Pending,25000
BKG1547,Deepa,UK,Leisure,2025-04-01,None,Cancelled,45000
BKG1548,Sonia,Thailand,Family,2025-09-25,2025-09-26 00:00:00,paid,"45,000 INR"
BKG1549,Suresh,USA,Honeymoon,2025-05-19,2025-05-26 00:00:00,Paid,55000
BKG1550,Vikram  ,Singapore,Corporate,2025-09-05,None,Pending,45000
BKG1551,Deepa,United Arab Emirates,Leisure,2025-08-27,None,Pending,35000
BKG1395,Anil,Singapore,Corporate,2025-08-12,2025-08-22 00:00:00,Paid,55000
BKG1553,Sameer,UAE,Honeymoon,2025-05-18,None,Pending,65000
BKG1554,Amit,India,Honeymoon,2025-06-15,None,Pending,15000
BKG1555,Tina,United Arab Emirates,Adventure,2025-05-06,2025-05-13 00:00:00,paid,45000
BKG1556,Gaurav,USA,Honeymoon,2025-02-14,2025-03-11 00:00:00,Paid,"45,000 INR"
BKG1557,Ramesh,USA,Family,2025-05-23,2025-05-28 00:00:00,Paid,35000
BKG1558,Amit,UAE,Leisure,2025-08-19,2025-09-13 00:00:00,Paid,65000
BKG1559,Avtar,UAE,Adventure,2025-05-05,2025-05-14 00:00:00,Paid,55000
BKG1560,Monika,United Arab Emirates,Family,2025-08-26,2025-09-05 00:00:00,Paid,65000
BKG1561,Gaurav,Singapore,Corporate,2025-07-14,None,Pending,45000
BKG1562,Avtar,UK,Leisure,2025-06-22,2025-07-03 00:00:00,Paid,25000
BKG1563,Divya,USA,Honeymoon,2025-01-15,2025-01-19 00:00:00,paid,"45,000 INR"
BKG1564,Avtar,USA,Leisure,2025-09-11,2025-09-12 00:00:00,PAID,45000
BKG1565,Meena  ,UAE,Corporate,2025-06-16,None,Pending,15000
BKG1566,Karan,Thailand,Adventure,2025-04-04,2025-04-20 00:00:00,paid,45000
BKG1567,Sonia,UAE,Adventure,2025-09-07,None,Pending,55000
BKG1568,Divya,UK,Adventure,2025-04-19,None,Pending,55000
BKG1569,Suresh,Singapore,Honeymoon,2025-07-01,2025-07-25 00:00:00,Paid,45000
BKG1570,Sonia,Singapore,Family,2025-05-13,2025-05-27 00:00:00,Paid,55000
BKG1571,Anil,Thailand,Family,2025-06-24,None,Pending,25000
BKG1572,Arjun,USA,Leisure,2025-05-24,None,Cancelled,65000
BKG1573,Pooja,UAE,Honeymoon,2025-05-22,2025-05-28 00:00:00,Paid,45000
BKG1574,Amit,Singapore,Adventure,2025-01-06,None,Cancelled,"45,000 INR"
BKG1575,Pooja,UK,Adventure,2025-09-22,None,Pending,25000
BKG1576,Vikram,United Arab Emirates,Corporate,2025-04-08,2025-04-13 00:00:00,Paid,65000
BKG1577,Sameer,India,Corporate,2025-02-13,None,,"45,000 INR"
BKG1578,Monika,India,Adventure,2025-05-04,None,Pending,"45,000 INR"
BKG1579,Meena,India,Adventure,2025-07-28,2025-08-10 00:00:00,Paid,"45,000 INR"
BKG1580,Nisha,USA,Honeymoon,2025-09-08,None,Pending,65000
BKG1581,Karan,UAE,Family,2025-05-04,2025-05-22 00:00:00,Paid,25000
BKG1582,Deepa,Thailand,Corporate,2025-09-01,None,Pending,"45,000 INR"
BKG1583,Ritika,Singapore,Family,2025-09-09,2025-10-02 00:00:00,Paid,"45,000 INR"
BKG1584,Ramesh,United Arab Emirates,Honeymoon,2025-08-18,2025-08-26 00:00:00,Paid,35000
BKG1585,Meena,UK,Adventure,2025-01-09,2025-01-26 00:00:00,PAID,45000
BKG1586,Pooja,United Arab Emirates,Family,2025-02-17,None,Pending,65000
BKG1587,Karan,UK,Adventure,2025-05-31,2025-06-18 00:00:00,Paid,65000
BKG1588,Anil,USA,Adventure,2025-04-24,2025-05-21 00:00:00,Paid,55000
BKG1589,Anil,UAE,Leisure,2025-07-27,2025-08-18 00:00:00,paid,65000
BKG1590,Meena,India,Family,2025-05-05,2025-05-31 00:00:00,Paid,25000
BKG1591,Deepa,UAE,Family,2025-06-06,2025-06-18 00:00:00,Paid,65000
BKG1592,Suresh,USA,Adventure,2025-07-08,2025-07-11 00:00:00,Paid,35000
BKG1593,Tina,Thailand,Honeymoon,2025-08-31,2025-09-13 00:00:00,Paid,45000
BKG1594,Suresh,Thailand,Leisure,2025-06-26,None,Cancelled,45000
BKG1595,Pooja,USA,Adventure,2025-08-06,None,Pending,65000
BKG1596,Anil,UK,Corporate,2025-06-19,2025-07-17 00:00:00,Paid,"45,000 INR"
BKG1597,Ritika,Singapore,Corporate,2025-06-30,None,Pending,15000
BKG1598,Sonia,Singapore,Leisure,2025-08-21,2025-09-14 00:00:00,Paid,15000
BKG1599,Sameer,UK,Honeymoon,2025-05-19,2025-05-21 00:00:00,PAID,"45,000 INR"
BKG1600,Anil,Thailand,Adventure,2025-06-06,2025-06-20 00:00:00,PAID,"45,000 INR"
BKG1601,Amit,Thailand,Family,2025-05-09,2025-05-10 00:00:00,Paid,"45,000 INR"
BKG1832,Monika,Thailand,Leisure,2025-04-29,None,Cancelled,25000
BKG1603,Suresh  ,UAE,Honeymoon,2025-03-03,None,Pending,15000
BKG1604,Karan,Thailand,Family,2025-04-09,2025-04-24 00:00:00,Paid,"45,000 INR"
BKG1605,Karan,United Arab Emirates,Corporate,2025-06-11,2025-07-11 00:00:00,Paid,25000
BKG1606,Monika,India,Corporate,2025-03-03,2025-03-06 00:00:00,Paid,55000
BKG1607,Sameer,Thailand,Family,2025-04-05,None,Pending,25000
BKG1608,Karan,UK,Leisure,2025-04-09,2025-05-07 00:00:00,PAID,15000
BKG1609,Karan,India,Corporate,2025-04-21,None,Pending,65000
BKG1610,Ramesh,UAE,Adventure,2025-09-05,None,Cancelled,55000
BKG1611,Ramesh,UK,Family,2025-05-22,None,Pending,15000
BKG1612,Nisha,India,Family,2025-09-26,None,Cancelled,25000
BKG1613,Suresh,UK,Corporate,2025-05-25,None,Pending,35000
BKG1614,Vikram,UAE,Leisure,2025-02-21,2025-03-04 00:00:00,Paid,45000
BKG1615,Sonia,United Arab Emirates,Adventure,2025-04-10,None,Pending,15000
BKG1616,Vikram,UAE,Leisure,2025-06-01,None,Cancelled,"45,000 INR"
BKG1617,Anil,UAE,Honeymoon,2025-04-27,2025-05-16 00:00:00,Paid,25000
BKG1256,Nisha,UK,Honeymoon,2025-07-04,None,Cancelled,"45,000 INR"
BKG1619,Pooja,USA,Corporate,2025-04-02,2025-04-16 00:00:00,Paid,"45,000 INR"
BKG1399,Pooja,Singapore,Corporate,2025-06-04,None,Pending,"45,000 INR"
BKG1621,Divya,Thailand,Corporate,2025-01-08,None,Cancelled,"45,000 INR"
BKG1622,Anil,Thailand,Honeymoon,2025-03-06,2025-03-25 00:00:00,Paid,"45,000 INR"
BKG1623,Suresh,United Arab Emirates,Leisure,2025-05-21,2025-06-03 00:00:00,Paid,55000
BKG1624,Avtar,United Arab Emirates,Leisure,2025-01-24,2025-02-16 00:00:00,Paid,15000
BKG1625,Ritika  ,Thailand,Corporate,2025-01-28,None,Cancelled,15000
BKG1626,Avtar,Singapore,Adventure,2025-05-30,2025-06-20 00:00:00,Paid,45000
BKG1627,Raj,Thailand,Leisure,2025-03-06,2025-03-20 00:00:00,paid,25000
BKG1628,Ritika,USA,Honeymoon,2025-09-09,2025-09-19 00:00:00,Paid,35000
BKG1629,Sameer,Singapore,Family,2025-02-22,None,,55000
BKG1630,Meena,United Arab Emirates,Family,2025-01-07,2025-01-11 00:00:00,PAID,25000
BKG1631,Gaurav,India,Family,2025-05-26,2025-06-08 00:00:00,Paid,55000
BKG1632,Anil,UK,Adventure,2025-08-29,None,Pending,15000
BKG1633,Gaurav,USA,Corporate,2025-09-03,2025-09-04 00:00:00,Paid,"45,000 INR"
BKG1634,Karan,USA,Honeymoon,2025-08-14,None,Pending,45000
BKG1635,Suresh,United Arab Emirates,Adventure,2025-06-24,2025-07-05 00:00:00,Paid,45000
BKG1636,Amit,United Arab Emirates,Honeymoon,2025-04-05,2025-04-11 00:00:00,Paid,65000
BKG1637,Deepa,UAE,Honeymoon,2025-01-27,2025-02-22 00:00:00,Paid,35000
BKG1638,Deepa,USA,Corporate,2025-05-10,2025-05-30 00:00:00,Paid,45000
BKG1639,Karan,UAE,Family,2025-09-02,2025-09-17 00:00:00,Paid,"45,000 INR"
BKG1640,Vikram,UAE,Corporate,2025-02-28,None,Pending,15000
BKG1641,Ritika,UK,Adventure,2025-02-03,None,,35000
BKG1642,Tina,UAE,Adventure,2025-07-25,2025-08-21 00:00:00,Paid,25000
BKG1643,Nisha,Singapore,Adventure,2025-09-09,None,Pending,"45,000 INR"
BKG1644,Raj,Thailand,Corporate,2025-02-07,2025-03-02 00:00:00,Paid,"45,000 INR"
BKG1645,Monika,India,Honeymoon,2025-01-28,None,Cancelled,45000
BKG1646,Ritika,United Arab Emirates,Honeymoon,2025-03-19,2025-04-18 00:00:00,paid,35000
BKG1647,Monika,Singapore,Leisure,2025-03-18,None,Cancelled,15000
BKG1648,Meena,India,Adventure,2025-06-05,2025-06-17 00:00:00,PAID,65000
BKG1649,Ritika,USA,Honeymoon,2025-02-13,2025-02-16 00:00:00,Paid,55000
BKG1650,Meena,USA,Leisure,2025-05-08,None,Cancelled,55000
BKG1651,Deepa,USA,Honeymoon,2025-03-02,None,Pending,15000
BKG1652,Nisha,Singapore,Adventure,2025-08-02,2025-08-16 00:00:00,Paid,15000
BKG1653,Ritika,Singapore,Family,2025-04-26,2025-05-24 00:00:00,PAID,55000
BKG1654,Arjun,United Arab Emirates,Adventure,2025-09-25,2025-09-29 00:00:00,Paid,65000
BKG1655,Monika,Thailand,Corporate,2025-07-14,None,Pending,35000
BKG1656,Anil,UAE,Honeymoon,2025-08-19,2025-08-27 00:00:00,Paid,55000
BKG1657,Deepa,USA,Honeymoon,2025-08-15,2025-08-29 00:00:00,Paid,15000
BKG1658,Ramesh,UK,Corporate,2025-06-02,None,Pending,45000
BKG1659,Nisha,Thailand,Corporate,2025-08-08,None,Pending,25000
BKG1660,Suresh,UK,Family,2025-06-06,2025-06-25 00:00:00,Paid,65000
BKG1661,Karan  ,United Arab Emirates,Honeymoon,2025-01-31,2025-02-13 00:00:00,Paid,"45,000 INR"
BKG1662,Divya,United Arab Emirates,Honeymoon,2025-02-20,None,Cancelled,65000
BKG1663,Ramesh,United Arab Emirates,Family,2025-04-17,2025-05-04 00:00:00,Paid,45000
BKG1664,Suresh,India,Leisure,2025-04-19,2025-04-22 00:00:00,Paid,45000
BKG1665,Ramesh,UK,Family,2025-05-16,2025-05-29 00:00:00,paid,"45,000 INR"
BKG1666,Suresh,Thailand,Adventure,2025-02-11,None,Cancelled,15000
BKG1667,Arjun,Thailand,Honeymoon,2025-03-22,2025-04-19 00:00:00,Paid,55000
BKG1668,Karan  ,Singapore,Corporate,2025-05-03,None,Pending,35000
BKG1669,Ritika,Singapore,Adventure,2025-03-30,None,Cancelled,65000
BKG1670,Monika,USA,Honeymoon,2025-02-08,None,Cancelled,"45,000 INR"
BKG1671,Ritika,Singapore,Family,2025-03-22,None,Pending,65000
BKG1672,Pooja,United Arab Emirates,Adventure,2025-01-02,2025-01-12 00:00:00,Paid,45000
BKG1673,Tina,Thailand,Honeymoon,2025-07-29,2025-08-22 00:00:00,Paid,55000
BKG1674,Tina,UK,Leisure,2025-08-19,2025-08-30 00:00:00,Paid,65000
BKG1675,Amit  ,United Arab Emirates,Leisure,2025-08-29,None,Pending,35000
BKG1676,Tina,India,Corporate,2025-05-30,2025-06-07 00:00:00,Paid,45000
BKG1677,Nisha,Singapore,Honeymoon,2025-01-17,None,Pending,35000
BKG1678,Deepa,United Arab Emirates,Leisure,2025-04-29,2025-05-10 00:00:00,Paid,55000
BKG1679,Amit,United Arab Emirates,Family,2025-05-28,2025-06-22 00:00:00,Paid,65000
BKG1680,Tina,India,Honeymoon,2025-05-25,None,Cancelled,25000
BKG1681,Amit,UAE,Family,2025-08-21,2025-08-27 00:00:00,Paid,65000
BKG1682,Avtar,Thailand,Family,2025-02-06,2025-02-09 00:00:00,Paid,55000
BKG1683,Divya,UK,Leisure,2025-04-30,None,Cancelled,65000
BKG1684,Avtar,USA,Honeymoon,2025-05-16,2025-06-02 00:00:00,Paid,"45,000 INR"
BKG1685,Divya,UAE,Adventure,2025-04-12,None,Pending,65000
BKG1686,Sameer,Singapore,Leisure,2025-08-06,None,Pending,15000
BKG1687,Sameer,United Arab Emirates,Leisure,2025-02-28,2025-03-21 00:00:00,Paid,65000
BKG1688,Meena,India,Honeymoon,2025-04-26,None,Cancelled,65000
BKG1689,Nisha,India,Honeymoon,2025-03-18,None,Pending,35000
BKG1690,Nisha,Thailand,Family,2025-05-17,2025-05-21 00:00:00,Paid,25000
BKG1691,Karan,UAE,Honeymoon,2025-03-14,2025-03-31 00:00:00,Paid,35000
BKG1692,Meena,USA,Family,2025-02-06,2025-02-23 00:00:00,Paid,35000
BKG1693,Ramesh,Thailand,Leisure,2025-01-31,2025-02-07 00:00:00,paid,45000
BKG1694,Monika,United Arab Emirates,Corporate,2025-03-26,2025-04-24 00:00:00,Paid,15000
BKG1695,Anil,Thailand,Adventure,2025-06-07,None,Pending,35000
BKG1696,Karan  ,UK,Leisure,2025-05-28,None,Pending,"45,000 INR"
BKG1697,Sonia,India,Honeymoon,2025-08-13,None,Pending,55000
BKG1698,Gaurav,India,Adventure,2025-03-05,2025-03-30 00:00:00,Paid,"45,000 INR"
BKG1699,Vikram,Singapore,Corporate,2025-08-28,2025-09-09 00:00:00,Paid,55000
BKG1700,Ritika,Singapore,Corporate,2025-06-05,None,Pending,65000
BKG1701,Suresh,USA,Family,2025-07-26,2025-08-07 00:00:00,Paid,45000
BKG1363,Vikram,United Arab Emirates,Adventure,2025-05-20,2025-06-13 00:00:00,Paid,15000
BKG1703,Pooja,UK,Family,2025-09-14,2025-10-11 00:00:00,Paid,"45,000 INR"
BKG1704,Sonia,UAE,Leisure,2025-09-10,2025-10-01 00:00:00,Paid,15000
BKG1705,Deepa,Thailand,Adventure,2025-08-13,None,Cancelled,"45,000 INR"
BKG1706,Deepa,USA,Leisure,2025-02-11,2025-03-10 00:00:00,Paid,65000
BKG1707,Tina,United Arab Emirates,Family,2025-01-21,2025-01-26 00:00:00,Paid,55000
BKG1708,Amit,Singapore,Adventure,2025-08-10,2025-08-18 00:00:00,Paid,25000
BKG1709,Suresh,Thailand,Family,2025-06-15,None,Pending,45000
BKG1710,Divya,Singapore,Adventure,2025-05-09,None,Pending,"45,000 INR"
BKG1711,Anil,Thailand,Family,2025-01-14,2025-01-18 00:00:00,Paid,"45,000 INR"
BKG1712,Avtar,UAE,Corporate,2025-02-16,None,Pending,65000
BKG1713,Suresh,United Arab Emirates,Family,2025-04-28,None,Pending,45000
BKG1714,Sameer,Thailand,Corporate,2025-01-11,None,Cancelled,55000
BKG1715,Arjun,UK,Family,2025-05-18,None,Cancelled,55000
BKG1716,Deepa,USA,Adventure,2025-01-21,2025-01-26 00:00:00,Paid,"45,000 INR"
BKG1717,Deepa,India,Adventure,2025-03-31,2025-04-09 00:00:00,Paid,25000
BKG1718,Vikram,UK,Adventure,2025-08-29,2025-09-05 00:00:00,Paid,25000
BKG1719,Vikram,UK,Honeymoon,2025-09-23,2025-09-29 00:00:00,Paid,15000
BKG1720,Ritika,USA,Leisure,2025-08-15,None,,45000
BKG1721,Pooja,India,Adventure,2025-05-23,2025-06-12 00:00:00,Paid,45000
BKG1722,Vikram,UK,Corporate,2025-04-03,2025-04-08 00:00:00,Paid,55000
BKG1723,Nisha,Thailand,Adventure,2025-08-12,None,Pending,15000
BKG1724,Raj,Thailand,Honeymoon,2025-09-09,None,Pending,65000
BKG1725,Sameer,Thailand,Corporate,2025-02-16,2025-03-13 00:00:00,Paid,45000
BKG1726,Deepa,India,Honeymoon,2025-08-29,2025-09-23 00:00:00,Paid,15000
BKG1727,Vikram,UK,Corporate,2025-06-28,2025-07-19 00:00:00,Paid,15000
BKG1728,Tina,India,Family,2025-07-29,None,Pending,"45,000 INR"
BKG1729,Deepa,Thailand,Leisure,2025-06-20,2025-06-23 00:00:00,Paid,55000
BKG1730,Pooja,USA,Leisure,2025-06-14,2025-06-20 00:00:00,Paid,15000
BKG1731,Meena,UK,Honeymoon,2025-02-23,None,Pending,25000
BKG1732,Monika,UK,Leisure,2025-03-24,2025-04-18 00:00:00,Paid,25000
BKG1733,Sameer,Singapore,Honeymoon,2025-06-18,None,Pending,35000
BKG1734,Nisha,Singapore,Honeymoon,2025-07-30,2025-08-20 00:00:00,Paid,55000
BKG1735,Deepa,UAE,Honeymoon,2025-09-11,2025-09-27 00:00:00,Paid,"45,000 INR"
BKG1736,Karan,United Arab Emirates,Leisure,2025-05-28,2025-06-12 00:00:00,paid,65000
BKG1737,Ramesh,Singapore,Honeymoon,2025-07-25,None,Pending,35000
BKG1738,Raj,India,Leisure,2025-01-19,2025-02-13 00:00:00,Paid,25000
BKG1739,Suresh,Singapore,Honeymoon,2025-08-21,None,Pending,"45,000 INR"
BKG1740,Raj,UAE,Adventure,2025-02-15,None,Pending,35000
BKG1741,Gaurav  ,UK,Honeymoon,2025-06-11,None,Pending,55000
BKG1742,Suresh,UAE,Corporate,2025-05-10,2025-05-29 00:00:00,Paid,"45,000 INR"
BKG1743,Pooja,UK,Honeymoon,2025-06-15,2025-07-10 00:00:00,PAID,55000
BKG1209,Arjun,USA,Family,2025-03-01,2025-03-20 00:00:00,Paid,15000
BKG1745,Divya,USA,Honeymoon,2025-07-26,2025-08-10 00:00:00,Paid,45000
BKG1746,Ramesh,UK,Corporate,2025-09-21,2025-10-13 00:00:00,Paid,15000
BKG1747,Sameer,United Arab Emirates,Corporate,2025-01-01,2025-01-31 00:00:00,Paid,55000
BKG1748,Sonia,Singapore,Leisure,2025-08-25,None,Cancelled,"45,000 INR"
BKG1749,Pooja,India,Adventure,2025-07-31,2025-08-29 00:00:00,Paid,25000
BKG1750,Meena,India,Honeymoon,2025-01-28,2025-02-16 00:00:00,Paid,65000
BKG1751,Deepa,Thailand,Leisure,2025-04-07,None,Cancelled,25000
BKG1752,Divya,UK,Adventure,2025-09-23,2025-10-14 00:00:00,Paid,"45,000 INR"
BKG1753,Deepa,India,Honeymoon,2025-07-05,2025-07-26 00:00:00,Paid,15000
BKG1754,Ritika,United Arab Emirates,Family,2025-09-13,2025-10-03 00:00:00,Paid,65000
BKG1755,Deepa,UK,Honeymoon,2025-08-15,2025-08-26 00:00:00,Paid,"45,000 INR"
BKG1756,Avtar,United Arab Emirates,Corporate,2025-01-27,2025-02-24 00:00:00,Paid,55000
BKG1757,Avtar,India,Corporate,2025-04-15,None,Pending,25000
BKG1758,Suresh,India,Family,2025-05-17,2025-06-07 00:00:00,Paid,55000
BKG1759,Gaurav,Thailand,Leisure,2025-03-09,2025-03-20 00:00:00,Paid,65000
BKG1760,Nisha,India,Adventure,2025-05-28,None,Pending,65000
BKG1761,Ramesh,UK,Honeymoon,2025-08-13,None,Pending,25000
BKG1762,Sonia,USA,Corporate,2025-09-06,2025-09-11 00:00:00,Paid,55000
BKG1763,Karan,UK,Leisure,2025-03-04,None,Pending,35000
BKG1764,Monika,UK,Family,2025-01-15,2025-01-30 00:00:00,Paid,55000
BKG1765,Arjun,Thailand,Corporate,2025-05-03,2025-05-06 00:00:00,Paid,65000
BKG1500,Ritika,Thailand,Family,2025-03-23,None,Pending,55000
BKG1767,Pooja,India,Honeymoon,2025-06-09,2025-06-25 00:00:00,Paid,"45,000 INR"
BKG1768,Monika,UAE,Adventure,2025-01-08,2025-01-23 00:00:00,paid,15000
BKG1769,Karan,UAE,Corporate,2025-07-28,2025-08-18 00:00:00,Paid,35000
BKG1770,Anil,Thailand,Corporate,2025-02-17,None,Pending,45000
BKG1771,Monika,India,Honeymoon,2025-04-26,2025-05-06 00:00:00,Paid,"45,000 INR"
BKG1772,Monika,UAE,Leisure,2025-02-28,None,Pending,15000
BKG1773,Amit,India,Adventure,2025-08-25,None,Pending,45000
BKG1774,Divya,India,Corporate,2025-03-02,None,Cancelled,25000
BKG1212,Tina,India,Adventure,2025-03-20,2025-04-15 00:00:00,Paid,45000
BKG1776,Sonia,Singapore,Corporate,2025-09-13,None,Pending,"45,000 INR"
BKG1777,Sameer,UK,Adventure,2025-05-30,None,Pending,55000
BKG1778,Nisha,India,Family,2025-09-18,None,Pending,"45,000 INR"
BKG1779,Avtar  ,Singapore,Corporate,2025-05-20,None,Pending,45000
BKG1780,Karan,Thailand,Adventure,2025-08-01,None,Pending,65000
BKG1781,Divya,UAE,Leisure,2025-09-05,2025-09-14 00:00:00,Paid,15000
BKG1782,Monika,UK,Family,2025-08-30,2025-09-18 00:00:00,Paid,15000
BKG1783,Ritika,USA,Family,2025-05-05,2025-05-07 00:00:00,Paid,45000
BKG1784,Arjun,UAE,Leisure,2025-08-22,2025-09-03 00:00:00,Paid,15000
BKG1785,Tina,UK,Adventure,2025-03-16,2025-04-02 00:00:00,PAID,65000
BKG1786,Divya,USA,Honeymoon,2025-07-16,None,Pending,"45,000 INR"
BKG1787,Deepa,UAE,Leisure,2025-04-08,2025-04-11 00:00:00,PAID,15000
BKG1788,Monika,UK,Adventure,2025-09-18,2025-09-28 00:00:00,Paid,45000
BKG1789,Suresh,UAE,Leisure,2025-03-11,None,Cancelled,35000
BKG1790,Monika,UAE,Leisure,2025-02-05,None,Cancelled,35000
BKG1791,Nisha,USA,Corporate,2025-05-22,None,Pending,25000
BKG1792,Ritika,UAE,Adventure,2025-08-01,None,Pending,15000
BKG1793,Deepa,UAE,Honeymoon,2025-06-24,2025-07-09 00:00:00,Paid,"45,000 INR"
BKG1794,Tina,USA,Corporate,2025-09-17,None,Cancelled,45000
BKG1795,Avtar,Thailand,Leisure,2025-05-17,None,Pending,15000
BKG1796,Nisha,India,Leisure,2025-01-02,2025-01-17 00:00:00,Paid,55000
BKG1797,Pooja,United Arab Emirates,Leisure,2025-05-25,2025-05-27 00:00:00,Paid,65000
BKG1798,Gaurav,Singapore,Adventure,2025-06-02,2025-06-04 00:00:00,paid,15000
BKG1799,Karan,United Arab Emirates,Adventure,2025-09-08,None,Cancelled,15000
BKG1800,Monika,United Arab Emirates,Corporate,2025-03-18,2025-03-30 00:00:00,PAID,35000
BKG1801,Divya,UK,Honeymoon,2025-08-17,None,Pending,65000
BKG1802,Nisha,India,Corporate,2025-09-05,2025-10-02 00:00:00,Paid,45000
BKG1803,Arjun,UK,Family,2025-06-26,2025-07-06 00:00:00,Paid,15000
BKG1804,Anil,India,Leisure,2025-06-20,2025-06-23 00:00:00,Paid,35000
BKG1805,Arjun,USA,Leisure,2025-07-13,2025-08-03 00:00:00,Paid,25000
BKG1806,Suresh,USA,Leisure,2025-08-22,2025-09-19 00:00:00,Paid,65000
BKG1807,Gaurav,India,Corporate,2025-06-14,2025-07-12 00:00:00,Paid,35000
BKG1808,Deepa,UAE,Corporate,2025-04-07,2025-04-10 00:00:00,Paid,35000
BKG1809,Anil,Thailand,Leisure,2025-05-03,2025-05-23 00:00:00,paid,"45,000 INR"
BKG1810,Vikram,UAE,Corporate,2025-07-16,2025-08-05 00:00:00,Paid,35000
BKG1811,Monika,Thailand,Adventure,2025-04-30,None,Cancelled,"45,000 INR"
BKG1812,Karan,UK,Adventure,2025-07-30,None,Pending,15000
BKG1813,Tina,Thailand,Corporate,2025-01-23,2025-02-09 00:00:00,Paid,15000
BKG1814,Divya,UK,Leisure,2025-06-12,2025-06-25 00:00:00,Paid,25000
BKG1815,Pooja,USA,Corporate,2025-08-31,2025-09-15 00:00:00,Paid,55000
BKG1816,Tina,United Arab Emirates,Corporate,2025-07-15,2025-08-03 00:00:00,Paid,55000
BKG1817,Sameer,USA,Corporate,2025-07-17,None,Pending,55000
BKG1818,Anil,USA,Family,2025-03-19,2025-04-06 00:00:00,Paid,"45,000 INR"
BKG1819,Monika,United Arab Emirates,Adventure,2025-09-11,2025-10-07 00:00:00,Paid,65000
BKG1820,Meena,Thailand,Honeymoon,2025-01-19,2025-02-12 00:00:00,Paid,65000
BKG1821,Ramesh,Thailand,Honeymoon,2025-03-06,2025-04-04 00:00:00,PAID,25000
BKG1822,Karan,UK,Family,2025-09-15,None,Pending,65000
BKG1823,Ramesh,UAE,Corporate,2025-06-19,None,Pending,55000
BKG1824,Gaurav,UK,Family,2025-02-21,2025-02-23 00:00:00,Paid,55000
BKG1825,Ritika,UAE,Family,2025-08-14,None,Pending,35000
BKG1826,Pooja,USA,Leisure,2025-02-21,None,Pending,65000
BKG1827,Avtar,United Arab Emirates,Adventure,2025-09-27,None,Pending,15000
BKG1828,Ritika,USA,Honeymoon,2025-08-22,None,,15000
BKG1829,Arjun,India,Corporate,2025-01-08,2025-01-23 00:00:00,Paid,35000
BKG1830,Anil,Thailand,Honeymoon,2025-03-15,2025-04-14 00:00:00,paid,35000
BKG1831,Karan,UAE,Honeymoon,2025-07-29,2025-08-24 00:00:00,paid,35000
BKG1832,Sonia,UK,Adventure,2025-03-21,2025-04-09 00:00:00,Paid,15000
BKG1833,Suresh,United Arab Emirates,Honeymoon,2025-02-08,2025-03-01 00:00:00,Paid,55000
BKG1834,Sonia,UAE,Honeymoon,2025-08-29,2025-09-05 00:00:00,PAID,35000
BKG1835,Tina,UK,Family,2025-05-16,2025-05-27 00:00:00,Paid,25000
BKG1836,Deepa,Thailand,Adventure,2025-06-23,None,Pending,"45,000 INR"
BKG1837,Monika,USA,Leisure,2025-07-23,2025-08-12 00:00:00,PAID,35000
BKG1838,Sameer,Thailand,Corporate,2025-02-11,None,Pending,"45,000 INR"
BKG1839,Suresh,Singapore,Honeymoon,2025-06-18,2025-07-04 00:00:00,Paid,45000
BKG1840,Karan,India,Corporate,2025-07-14,None,Pending,35000
BKG1841,Gaurav,Singapore,Leisure,2025-06-12,2025-06-29 00:00:00,Paid,15000
BKG1651,Meena,United Arab Emirates,Corporate,2025-09-07,None,Pending,65000
BKG1843,Vikram,UAE,Leisure,2025-01-19,2025-01-24 00:00:00,Paid,35000
BKG1844,Tina,United Arab Emirates,Family,2025-02-05,None,Pending,65000
BKG1845,Sonia,USA,Honeymoon,2025-05-01,None,Pending,45000
BKG1846,Ritika,UK,Leisure,2025-05-28,None,Pending,25000
BKG1847,Gaurav,Thailand,Corporate,2025-04-27,None,Pending,65000
BKG1848,Sameer,Singapore,Honeymoon,2025-02-16,None,Pending,"45,000 INR"
BKG1744,Sameer,Singapore,Family,2025-08-11,None,Pending,55000
BKG1850,Anil,USA,Honeymoon,2025-02-20,2025-02-22 00:00:00,Paid,35000
BKG1851,Avtar,Singapore,Leisure,2025-02-21,None,Pending,45000
BKG1852,Avtar,USA,Family,2025-08-16,2025-08-31 00:00:00,Paid,45000
BKG1853,Tina,United Arab Emirates,Corporate,2025-03-27,2025-03-31 00:00:00,paid,65000
BKG1854,Sonia,Thailand,Family,2025-06-03,2025-06-29 00:00:00,Paid,25000
BKG1855,Karan,UAE,Family,2025-01-15,2025-02-13 00:00:00,Paid,15000
BKG1856,Vikram,UK,Adventure,2025-01-24,None,Pending,35000
BKG1857,Sameer  ,UAE,Family,2025-06-16,2025-07-13 00:00:00,Paid,45000
BKG1858,Karan,United Arab Emirates,Family,2025-01-29,2025-02-09 00:00:00,Paid,25000
BKG1859,Karan,UK,Honeymoon,2025-05-31,None,Pending,55000
BKG1860,Nisha,Singapore,Corporate,2025-07-03,None,Pending,45000
BKG1861,Vikram,India,Honeymoon,2025-07-11,None,Pending,25000
BKG1862,Divya,United Arab Emirates,Honeymoon,2025-08-09,2025-09-01 00:00:00,Paid,15000
BKG1863,Pooja,United Arab Emirates,Leisure,2025-03-16,None,Pending,15000
BKG1864,Ramesh,Thailand,Honeymoon,2025-05-06,2025-05-09 00:00:00,Paid,45000
BKG1865,Meena,UAE,Adventure,2025-07-30,None,Pending,"45,000 INR"
BKG1866,Avtar,United Arab Emirates,Adventure,2025-04-03,None,Pending,45000
BKG1867,Avtar,United Arab Emirates,Leisure,2025-03-29,None,Pending,65000
BKG1868,Raj,Singapore,Corporate,2025-03-31,2025-04-17 00:00:00,Paid,35000
BKG1869,Avtar,Singapore,Corporate,2025-02-10,2025-03-03 00:00:00,Paid,25000
BKG1870,Vikram,UK,Honeymoon,2025-07-15,2025-07-21 00:00:00,Paid,45000
BKG1871,Nisha,USA,Honeymoon,2025-05-04,2025-05-06 00:00:00,Paid,35000
BKG1872,Monika,USA,Honeymoon,2025-09-12,2025-09-20 00:00:00,Paid,65000
BKG1873,Anil,India,Corporate,2025-03-15,None,Pending,35000
BKG1874,Deepa,USA,Family,2025-04-29,2025-05-22 00:00:00,Paid,45000
BKG1875,Anil,Thailand,Adventure,2025-08-25,2025-09-09 00:00:00,paid,15000
BKG1589,Suresh,India,Family,2025-05-11,2025-05-26 00:00:00,Paid,25000
BKG1877,Anil,UK,Family,2025-08-24,None,Pending,25000
BKG1878,Deepa,Singapore,Corporate,2025-05-11,None,Pending,15000
BKG1879,Ritika,USA,Family,2025-01-05,2025-01-22 00:00:00,Paid,"45,000 INR"
BKG1880,Vikram,UAE,Leisure,2025-08-27,2025-09-13 00:00:00,Paid,45000
BKG1881,Avtar,Singapore,Honeymoon,2025-05-28,None,Pending,25000
BKG1882,Avtar,Thailand,Leisure,2025-03-22,2025-04-11 00:00:00,Paid,45000
BKG1883,Nisha  ,Singapore,Adventure,2025-02-07,2025-02-13 00:00:00,paid,65000
BKG1884,Raj,Thailand,Honeymoon,2025-08-15,None,Pending,45000
BKG1396,Nisha,Thailand,Family,2025-06-26,2025-07-08 00:00:00,paid,35000
BKG1886,Monika,Thailand,Adventure,2025-06-03,2025-06-15 00:00:00,Paid,15000
BKG1887,Monika,UK,Honeymoon,2025-08-06,None,Pending,"45,000 INR"
BKG1888,Sameer,Thailand,Family,2025-05-09,None,Pending,45000
BKG1889,Raj,Thailand,Leisure,2025-08-22,None,Pending,"45,000 INR"
BKG1890,Nisha,UAE,Honeymoon,2025-06-04,2025-07-04 00:00:00,Paid,"45,000 INR"
BKG1891,Avtar,India,Family,2025-04-12,None,Pending,65000
BKG1892,Ramesh,United Arab Emirates,Leisure,2025-07-16,2025-07-26 00:00:00,Paid,55000
BKG1893,Arjun,India,Adventure,2025-09-05,None,Pending,15000
BKG1894,Deepa,Thailand,Adventure,2025-02-24,2025-03-09 00:00:00,Paid,"45,000 INR"
BKG1895,Deepa,UAE,Adventure,2025-05-02,None,Cancelled,25000
BKG1896,Anil,Singapore,Adventure,2025-07-15,2025-07-29 00:00:00,Paid,35000
BKG1897,Arjun,UAE,Corporate,2025-07-03,None,Cancelled,25000
BKG1898,Raj,Thailand,Honeymoon,2025-06-01,None,Cancelled,65000
BKG1899,Divya,UAE,Honeymoon,2025-06-01,None,Cancelled,65000
BKG1900,Monika,USA,Corporate,2025-01-12,None,Pending,25000
BKG1901,Anil,UAE,Family,2025-07-22,2025-08-16 00:00:00,Paid,15000
BKG1902,Karan,Thailand,Family,2025-05-21,None,,25000
BKG1903,Anil,UK,Adventure,2025-01-05,2025-01-16 00:00:00,Paid,45000
BKG1715,Divya,USA,Leisure,2025-01-26,None,Pending,25000
BKG1905,Ritika,UAE,Family,2025-09-12,None,Pending,35000
BKG1906,Ramesh,United Arab Emirates,Leisure,2025-05-27,None,Pending,35000
BKG1907,Karan,United Arab Emirates,Honeymoon,2025-04-28,2025-05-20 00:00:00,Paid,55000
BKG1908,Ramesh  ,UAE,Leisure,2025-06-30,None,Pending,35000
BKG1909,Anil,UK,Honeymoon,2025-04-23,None,Cancelled,25000
BKG1910,Monika,Singapore,Corporate,2025-04-08,2025-04-28 00:00:00,Paid,35000
BKG1911,Pooja,Thailand,Corporate,2025-05-09,2025-05-11 00:00:00,paid,15000
BKG1912,Deepa,United Arab Emirates,Adventure,2025-03-12,2025-04-07 00:00:00,Paid,"45,000 INR"
BKG1913,Divya,Singapore,Family,2025-02-19,2025-03-12 00:00:00,Paid,35000
BKG1914,Pooja,UAE,Adventure,2025-01-21,2025-02-11 00:00:00,Paid,45000
BKG1915,Arjun,Singapore,Honeymoon,2025-06-08,2025-06-19 00:00:00,Paid,15000
BKG1916,Deepa,USA,Adventure,2025-08-14,2025-08-17 00:00:00,paid,55000
BKG1917,Avtar,India,Leisure,2025-01-18,2025-01-29 00:00:00,Paid,45000
BKG1918,Karan,United Arab Emirates,Honeymoon,2025-07-06,2025-07-10 00:00:00,Paid,25000
BKG1919,Deepa,UAE,Corporate,2025-03-09,2025-03-27 00:00:00,Paid,"45,000 INR"
BKG1920,Divya,Thailand,Family,2025-02-16,None,Pending,25000
BKG1921,Gaurav,UK,Honeymoon,2025-06-01,None,Pending,"45,000 INR"
BKG1922,Pooja,USA,Honeymoon,2025-06-17,2025-07-09 00:00:00,Paid,"45,000 INR"
BKG1923,Ritika,UAE,Leisure,2025-08-01,2025-08-14 00:00:00,Paid,25000
BKG1924,Nisha,Thailand,Family,2025-03-31,None,Cancelled,45000
BKG1925,Nisha,UK,Corporate,2025-04-13,2025-04-23 00:00:00,Paid,45000
BKG1926,Divya,UK,Honeymoon,2025-03-09,2025-03-18 00:00:00,Paid,"45,000 INR"
BKG1927,Divya,UAE,Honeymoon,2025-07-07,2025-07-31 00:00:00,Paid,45000
BKG1928,Tina,USA,Leisure,2025-09-14,None,Pending,"45,000 INR"
BKG1929,Karan,Singapore,Adventure,2025-05-20,2025-06-17 00:00:00,Paid,"45,000 INR"
BKG1930,Arjun,Singapore,Corporate,2025-03-26,None,Pending,15000
BKG1931,Tina,UK,Family,2025-05-12,2025-06-03 00:00:00,Paid,65000
BKG1932,Ramesh,Singapore,Honeymoon,2025-09-04,2025-10-04 00:00:00,PAID,15000
BKG1933,Avtar,India,Honeymoon,2025-06-01,2025-06-21 00:00:00,Paid,25000
BKG1934,Monika,UK,Corporate,2025-06-23,None,Pending,65000
BKG1935,Monika,UK,Adventure,2025-02-28,2025-03-28 00:00:00,Paid,35000
BKG1936,Avtar,Thailand,Honeymoon,2025-08-28,2025-09-02 00:00:00,Paid,25000
BKG1937,Deepa,Singapore,Corporate,2025-02-08,None,Pending,55000
BKG1938,Vikram,USA,Leisure,2025-03-14,2025-03-25 00:00:00,Paid,15000
BKG1939,Tina,UK,Adventure,2025-04-26,None,Cancelled,45000
BKG1940,Gaurav,USA,Family,2025-07-23,2025-07-26 00:00:00,paid,15000
BKG1941,Pooja,India,Honeymoon,2025-07-07,None,Cancelled,45000
BKG1942,Avtar,Thailand,Corporate,2025-02-16,2025-03-07 00:00:00,Paid,65000
BKG1943,Meena,UAE,Leisure,2025-07-22,None,Pending,55000
BKG1944,Anil,USA,Family,2025-01-08,2025-01-30 00:00:00,Paid,65000
BKG1945,Deepa,UK,Corporate,2025-05-16,None,Cancelled,55000
BKG1946,Avtar,India,Corporate,2025-03-05,None,Pending,15000
BKG1947,Tina,United Arab Emirates,Family,2025-08-21,None,Cancelled,45000
BKG1948,Gaurav,India,Leisure,2025-07-08,2025-07-13 00:00:00,Paid,65000
BKG1949,Gaurav,India,Leisure,2025-05-15,None,Pending,55000
BKG1950,Divya,Thailand,Adventure,2025-07-15,2025-08-14 00:00:00,Paid,"45,000 INR"
BKG1951,Amit,UAE,Honeymoon,2025-07-10,None,Pending,25000
BKG1952,Divya,United Arab Emirates,Family,2025-02-25,2025-03-09 00:00:00,Paid,25000
BKG1953,Karan,Singapore,Family,2025-04-30,None,Pending,65000
BKG1954,Karan,Singapore,Family,2025-08-30,None,Pending,45000
BKG1618,Avtar,USA,Leisure,2025-01-13,None,Pending,"45,000 INR"
BKG1956,Ramesh,India,Honeymoon,2025-06-17,2025-06-27 00:00:00,Paid,65000
BKG1957,Suresh,Thailand,Adventure,2025-04-24,None,Pending,15000
BKG1958,Sonia,Thailand,Corporate,2025-02-02,2025-02-23 00:00:00,Paid,55000
BKG1959,Nisha,Singapore,Corporate,2025-08-26,2025-09-18 00:00:00,Paid,15000
BKG1960,Vikram  ,USA,Family,2025-06-04,2025-06-26 00:00:00,Paid,25000
BKG1961,Avtar,USA,Honeymoon,2025-07-29,2025-08-11 00:00:00,Paid,55000
BKG1962,Sonia,USA,Leisure,2025-03-01,2025-03-06 00:00:00,Paid,65000
BKG1963,Tina,United Arab Emirates,Honeymoon,2025-03-13,None,Pending,15000
BKG1964,Anil,UAE,Honeymoon,2025-01-24,2025-02-13 00:00:00,Paid,35000
BKG1965,Vikram,United Arab Emirates,Leisure,2025-01-20,2025-02-12 00:00:00,Paid,45000
BKG1966,Karan,UK,Family,2025-06-05,2025-06-08 00:00:00,paid,"45,000 INR"
BKG1967,Vikram,UK,Honeymoon,2025-09-10,2025-09-20 00:00:00,Paid,"45,000 INR"
BKG1968,Divya,UAE,Corporate,2025-03-01,None,Pending,45000
BKG1969,Anil  ,Singapore,Leisure,2025-02-19,None,Pending,35000
BKG1970,Nisha  ,UAE,Adventure,2025-05-01,2025-05-19 00:00:00,paid,25000
BKG1971,Avtar,Thailand,Family,2025-03-11,None,Pending,55000
BKG1972,Deepa,UK,Leisure,2025-07-18,None,Pending,45000
BKG1973,Deepa,India,Adventure,2025-08-21,None,Cancelled,35000
BKG1974,Sonia,India,Adventure,2025-07-09,2025-07-22 00:00:00,Paid,65000
BKG1975,Sonia,Singapore,Honeymoon,2025-08-03,None,Cancelled,"45,000 INR"
BKG1976,Ramesh,Thailand,Honeymoon,2025-03-21,2025-04-11 00:00:00,Paid,35000
BKG1977,Arjun,United Arab Emirates,Honeymoon,2025-08-01,2025-08-27 00:00:00,paid,25000
BKG1978,Sonia,Thailand,Leisure,2025-02-20,2025-03-03 00:00:00,Paid,25000
BKG1979,Sameer,India,Leisure,2025-09-08,None,Pending,15000
BKG1980,Arjun,India,Family,2025-07-28,2025-08-24 00:00:00,Paid,45000
BKG1981,Tina,UK,Honeymoon,2025-05-24,None,Pending,15000
BKG1982,Monika,Thailand,Adventure,2025-01-17,2025-01-22 00:00:00,Paid,"45,000 INR"
BKG1983,Ritika,Thailand,Corporate,2025-07-09,None,Cancelled,35000
BKG1984,Raj,India,Family,2025-04-22,None,Cancelled,55000
BKG1985,Meena,United Arab Emirates,Leisure,2025-08-16,2025-09-07 00:00:00,Paid,55000
BKG1986,Ritika,Singapore,Family,2025-08-16,None,Cancelled,25000
BKG1987,Suresh,USA,Family,2025-05-01,None,Pending,55000
BKG1988,Tina,Singapore,Family,2025-07-05,None,Pending,55000
BKG1989,Gaurav,Thailand,Family,2025-02-20,2025-03-15 00:00:00,Paid,"45,000 INR"
BKG1990,Nisha,Singapore,Corporate,2025-07-08,2025-08-04 00:00:00,Paid,55000
BKG1991,Raj,India,Honeymoon,2025-07-03,2025-07-27 00:00:00,Paid,35000
BKG1992,Arjun,India,Adventure,2025-02-01,2025-02-23 00:00:00,Paid,55000
BKG1993,Monika,Thailand,Family,2025-07-23,2025-08-22 00:00:00,paid,65000
BKG1994,Anil,Thailand,Family,2025-05-22,2025-06-08 00:00:00,Paid,55000
BKG1995,Suresh,USA,Family,2025-04-08,None,Cancelled,55000
BKG1996,Tina,USA,Honeymoon,2025-03-04,2025-03-07 00:00:00,Paid,15000
BKG1997,Meena,UK,Leisure,2025-08-21,None,Pending,35000
BKG1998,Suresh,Thailand,Leisure,2025-02-16,None,Pending,25000
BKG1999,Raj,United Arab Emirates,Corporate,2025-04-19,None,Cancelled,15000
